context_id,context_text,human_response,session_phase,session_id,turn_id,speaker_label
0,"[designer]: Wha what was it again that I was supposed to look into? | [designer]: Con components, oh. | [facilitator]: All hooked up. Okay, so now we are here at the functional design meeting. | [facilitator]: Um hopefully this meeting I'll be doing a little bit less talking than I did last time 'cause this is when you get to show us what you've been doing individually. | [facilitator]: The agenda for the meeting, I put it in the sh shared documents folder.",I don't know if that meant that you could see it or not.,Ideate,30,219,Speaker D
41,[designer]: Yeah. It's called uh the Real Remote. | [designer]: With a copyright sign after Real. | [designer]: So maybe you can include that somewhere. | [designer]: Yeah. I don't see any power cables here so 'Kay. | [facilitator]: . Just kidding. So annoying.,I just put it in the in the shared folder so it should be yeah I think so.,Ideate,58,437,Speaker D
42,[designer]: With a copyright sign after Real. | [designer]: So maybe you can include that somewhere. | [designer]: Yeah. I don't see any power cables here so 'Kay. | [facilitator]: . Just kidding. So annoying. | [facilitator]: I just put it in the in the shared folder so it should be yeah I think so.,"Yeah, conceptual design. What or whatever does it No no no, can you go back one?",Ideate,58,438,Speaker D
47,"[facilitator]: So that's not really interesting. | [facilitator]: Electronics? Yeah, maybe we wanna decide on what electronics to use the advanced chip I think is easiest to implement uh for the production, 'cause they they can print it better. | [facilitator]: Um Yeah. I think this is about it. | [facilitator]: Yeah I was working on some per personal preferences. | [facilitator]: I first uh chose for the battery, 'cause yeah I'm traditional and that's the most obvious, easiest choice to go to.","But I really think that we should maybe uh think about the kinetic energy, where you have to move the thing to be able to use it.",Prototype/Evaluate,58,479,Speaker D
59,"[facilitator]: That actually will offer some extra protection for the Yeah. | [facilitator]: Yeah I was thinking, if if you have your hand, it this is your th Okay. | [facilitator]: If this is your thumb, and this is your hand like that. | [facilitator]: With your uh wrist. That you, that it would be kind of shape like this, you know. | [facilitator]: So it's easier to hold in your hand, to y f Uh yeah.",Yeah of course. Yeah then w then you would have to to make it like this.,Prototype/Evaluate,58,548,Speaker D
75,"[designer]: Watch I I have my cord behind you here. | [designer]: Okay. But we we were told we could end the final meeting at any time, whenever we felt we were finished. | [designer]: It'll take me the rest of the time to get my microphone out from my necklace. | [designer]: Oh, there we go. | [facilitator]: Well hi everyone again. Um like before we uh I have to redo the meetings from n th the minutes from the last meeting and so here we go.",Uh it was discussed in the last meeting uh which was opened by the presentation from the interface um designer that uh looks would be very important on this new remote and um it is to send messages of course to the T_V_.,Ideate,0,215,Speaker D
76,"[designer]: Okay. But we we were told we could end the final meeting at any time, whenever we felt we were finished. | [designer]: It'll take me the rest of the time to get my microphone out from my necklace. | [designer]: Oh, there we go. | [facilitator]: Well hi everyone again. Um like before we uh I have to redo the meetings from n th the minutes from the last meeting and so here we go. | [facilitator]: Uh it was discussed in the last meeting uh which was opened by the presentation from the interface um designer that uh looks would be very important on this new remote and um it is to send messages of course to the T_V_.","It should have nine channel buttons, a next button, volume buttons, subtitle buttons, switch to control features, colour contrast, sharpness etcetera.",Ideate,0,216,Speaker D
77,"[designer]: It'll take me the rest of the time to get my microphone out from my necklace. | [designer]: Oh, there we go. | [facilitator]: Well hi everyone again. Um like before we uh I have to redo the meetings from n th the minutes from the last meeting and so here we go. | [facilitator]: Uh it was discussed in the last meeting uh which was opened by the presentation from the interface um designer that uh looks would be very important on this new remote and um it is to send messages of course to the T_V_. | [facilitator]: It should have nine channel buttons, a next button, volume buttons, subtitle buttons, switch to control features, colour contrast, sharpness etcetera.","It should have a memory switch, a mute button in case the telephone rings or something.",Ideate,0,217,Speaker D
78,"[designer]: Oh, there we go. | [facilitator]: Well hi everyone again. Um like before we uh I have to redo the meetings from n th the minutes from the last meeting and so here we go. | [facilitator]: Uh it was discussed in the last meeting uh which was opened by the presentation from the interface um designer that uh looks would be very important on this new remote and um it is to send messages of course to the T_V_. | [facilitator]: It should have nine channel buttons, a next button, volume buttons, subtitle buttons, switch to control features, colour contrast, sharpness etcetera. | [facilitator]: It should have a memory switch, a mute button in case the telephone rings or something.",Uh speech recognition is one of her very f favourite personal uh features she would like see d d to be integrated in this um in this new remote.,Ideate,0,218,Speaker D
79,"[facilitator]: Well hi everyone again. Um like before we uh I have to redo the meetings from n th the minutes from the last meeting and so here we go. | [facilitator]: Uh it was discussed in the last meeting uh which was opened by the presentation from the interface um designer that uh looks would be very important on this new remote and um it is to send messages of course to the T_V_. | [facilitator]: It should have nine channel buttons, a next button, volume buttons, subtitle buttons, switch to control features, colour contrast, sharpness etcetera. | [facilitator]: It should have a memory switch, a mute button in case the telephone rings or something. | [facilitator]: Uh speech recognition is one of her very f favourite personal uh features she would like see d d to be integrated in this um in this new remote.","Um. Should be child friendly design with few buttons, colourful maybe with s star shaped or other shaped buttons.",Ideate,0,219,Speaker D
80,"[facilitator]: It should have nine channel buttons, a next button, volume buttons, subtitle buttons, switch to control features, colour contrast, sharpness etcetera. | [facilitator]: It should have a memory switch, a mute button in case the telephone rings or something. | [facilitator]: Uh speech recognition is one of her very f favourite personal uh features she would like see d d to be integrated in this um in this new remote. | [facilitator]: Um. Should be child friendly design with few buttons, colourful maybe with s star shaped or other shaped buttons. | [facilitator]: Um she uh presented also an oversized remote which she guarantees nobody will ever be able to lose.","Um that's right. But uh her very f personal favourite really she, she would very much like to see a speech recogniser integrated in this remote.",Ideate,0,221,Speaker D
81,"[facilitator]: Uh speech recognition is one of her very f favourite personal uh features she would like see d d to be integrated in this um in this new remote. | [facilitator]: Um. Should be child friendly design with few buttons, colourful maybe with s star shaped or other shaped buttons. | [facilitator]: Um she uh presented also an oversized remote which she guarantees nobody will ever be able to lose. | [facilitator]: Um that's right. But uh her very f personal favourite really she, she would very much like to see a speech recogniser integrated in this remote. | [facilitator]: The industrial designer um presented her uh thoughts on the issue.","She would like a special case made out of plastic that is very strong, not using any harmful materials, should be recyclable and should be colourful.",Ideate,0,223,Speaker D
82,"[facilitator]: Um. Should be child friendly design with few buttons, colourful maybe with s star shaped or other shaped buttons. | [facilitator]: Um she uh presented also an oversized remote which she guarantees nobody will ever be able to lose. | [facilitator]: Um that's right. But uh her very f personal favourite really she, she would very much like to see a speech recogniser integrated in this remote. | [facilitator]: The industrial designer um presented her uh thoughts on the issue. | [facilitator]: She would like a special case made out of plastic that is very strong, not using any harmful materials, should be recyclable and should be colourful.",Should have an integrated circuit board that's highly sophisticated and temperature resistant.,Ideate,0,224,Speaker D
83,"[facilitator]: Um she uh presented also an oversized remote which she guarantees nobody will ever be able to lose. | [facilitator]: Um that's right. But uh her very f personal favourite really she, she would very much like to see a speech recogniser integrated in this remote. | [facilitator]: The industrial designer um presented her uh thoughts on the issue. | [facilitator]: She would like a special case made out of plastic that is very strong, not using any harmful materials, should be recyclable and should be colourful. | [facilitator]: Should have an integrated circuit board that's highly sophisticated and temperature resistant.",She would like to see a timer and or alarm facility integrated.,Ideate,0,225,Speaker D
84,"[facilitator]: Um that's right. But uh her very f personal favourite really she, she would very much like to see a speech recogniser integrated in this remote. | [facilitator]: The industrial designer um presented her uh thoughts on the issue. | [facilitator]: She would like a special case made out of plastic that is very strong, not using any harmful materials, should be recyclable and should be colourful. | [facilitator]: Should have an integrated circuit board that's highly sophisticated and temperature resistant. | [facilitator]: She would like to see a timer and or alarm facility integrated.","Uh technically this thing would also have a resistor and a capacitor, diode transistor, resonator, and if possible a rechargeable battery.",Ideate,0,226,Speaker D
85,"[facilitator]: She would like a special case made out of plastic that is very strong, not using any harmful materials, should be recyclable and should be colourful. | [facilitator]: Should have an integrated circuit board that's highly sophisticated and temperature resistant. | [facilitator]: She would like to see a timer and or alarm facility integrated. | [facilitator]: Uh technically this thing would also have a resistor and a capacitor, diode transistor, resonator, and if possible a rechargeable battery. | [facilitator]: Uh and of course a circuit board.","And how it would works, you press the button, the chip is morse morse code related relays the uh to the generat to the generator amplification and uh the circuit board is very inexpensive to build and so she thinks this is a great feature uh to to to consider.",Ideate,0,228,Speaker D
87,"[facilitator]: She would like to see a timer and or alarm facility integrated. | [facilitator]: Uh technically this thing would also have a resistor and a capacitor, diode transistor, resonator, and if possible a rechargeable battery. | [facilitator]: Uh and of course a circuit board. | [facilitator]: And how it would works, you press the button, the chip is morse morse code related relays the uh to the generat to the generator amplification and uh the circuit board is very inexpensive to build and so she thinks this is a great feature uh to to to consider. | [facilitator]: She would like uh this whole thing should be push buttons with a simple chip uh scrolling method is more expensive and not that practical anymore.",Should be battery operated and of course she would have the special cases.,Ideate,0,230,Speaker D
88,"[facilitator]: Uh technically this thing would also have a resistor and a capacitor, diode transistor, resonator, and if possible a rechargeable battery. | [facilitator]: Uh and of course a circuit board. | [facilitator]: And how it would works, you press the button, the chip is morse morse code related relays the uh to the generat to the generator amplification and uh the circuit board is very inexpensive to build and so she thinks this is a great feature uh to to to consider. | [facilitator]: She would like uh this whole thing should be push buttons with a simple chip uh scrolling method is more expensive and not that practical anymore. | [facilitator]: Should be battery operated and of course she would have the special cases.","The marketing expert uh who has to finally come up with to to to market this product has been watching the competition, has done some research on the internet and also has used h her personal observations to come up with the fact that such a remote sh should be small, easy to use and it should be eye catching.",Ideate,0,231,Speaker D
89,"[facilitator]: Uh and of course a circuit board. | [facilitator]: And how it would works, you press the button, the chip is morse morse code related relays the uh to the generat to the generator amplification and uh the circuit board is very inexpensive to build and so she thinks this is a great feature uh to to to consider. | [facilitator]: She would like uh this whole thing should be push buttons with a simple chip uh scrolling method is more expensive and not that practical anymore. | [facilitator]: Should be battery operated and of course she would have the special cases. | [facilitator]: The marketing expert uh who has to finally come up with to to to market this product has been watching the competition, has done some research on the internet and also has used h her personal observations to come up with the fact that such a remote sh should be small, easy to use and it should be eye catching.",From her point of view of course one of the most important facts is that we should get to market before our competition does.,Ideate,0,232,Speaker D
110,"[designer]: Watch I I have my cord behind you here. | [designer]: Okay. But we we were told we could end the final meeting at any time, whenever we felt we were finished. | [designer]: It'll take me the rest of the time to get my microphone out from my necklace. | [designer]: Oh, there we go. | [facilitator]: Well hi everyone again. Um like before we uh I have to redo the meetings from n th the minutes from the last meeting and so here we go.",Uh it was discussed in the last meeting uh which was opened by the presentation from the interface um designer that uh looks would be very important on this new remote and um it is to send messages of course to the T_V_.,Ideate,0,215,Speaker D
111,"[designer]: Okay. But we we were told we could end the final meeting at any time, whenever we felt we were finished. | [designer]: It'll take me the rest of the time to get my microphone out from my necklace. | [designer]: Oh, there we go. | [facilitator]: Well hi everyone again. Um like before we uh I have to redo the meetings from n th the minutes from the last meeting and so here we go. | [facilitator]: Uh it was discussed in the last meeting uh which was opened by the presentation from the interface um designer that uh looks would be very important on this new remote and um it is to send messages of course to the T_V_.","It should have nine channel buttons, a next button, volume buttons, subtitle buttons, switch to control features, colour contrast, sharpness etcetera.",Ideate,0,216,Speaker D
112,"[designer]: It'll take me the rest of the time to get my microphone out from my necklace. | [designer]: Oh, there we go. | [facilitator]: Well hi everyone again. Um like before we uh I have to redo the meetings from n th the minutes from the last meeting and so here we go. | [facilitator]: Uh it was discussed in the last meeting uh which was opened by the presentation from the interface um designer that uh looks would be very important on this new remote and um it is to send messages of course to the T_V_. | [facilitator]: It should have nine channel buttons, a next button, volume buttons, subtitle buttons, switch to control features, colour contrast, sharpness etcetera.","It should have a memory switch, a mute button in case the telephone rings or something.",Ideate,0,217,Speaker D
113,"[designer]: Oh, there we go. | [facilitator]: Well hi everyone again. Um like before we uh I have to redo the meetings from n th the minutes from the last meeting and so here we go. | [facilitator]: Uh it was discussed in the last meeting uh which was opened by the presentation from the interface um designer that uh looks would be very important on this new remote and um it is to send messages of course to the T_V_. | [facilitator]: It should have nine channel buttons, a next button, volume buttons, subtitle buttons, switch to control features, colour contrast, sharpness etcetera. | [facilitator]: It should have a memory switch, a mute button in case the telephone rings or something.",Uh speech recognition is one of her very f favourite personal uh features she would like see d d to be integrated in this um in this new remote.,Ideate,0,218,Speaker D
114,"[facilitator]: Well hi everyone again. Um like before we uh I have to redo the meetings from n th the minutes from the last meeting and so here we go. | [facilitator]: Uh it was discussed in the last meeting uh which was opened by the presentation from the interface um designer that uh looks would be very important on this new remote and um it is to send messages of course to the T_V_. | [facilitator]: It should have nine channel buttons, a next button, volume buttons, subtitle buttons, switch to control features, colour contrast, sharpness etcetera. | [facilitator]: It should have a memory switch, a mute button in case the telephone rings or something. | [facilitator]: Uh speech recognition is one of her very f favourite personal uh features she would like see d d to be integrated in this um in this new remote.","Um. Should be child friendly design with few buttons, colourful maybe with s star shaped or other shaped buttons.",Ideate,0,219,Speaker D
115,"[facilitator]: It should have nine channel buttons, a next button, volume buttons, subtitle buttons, switch to control features, colour contrast, sharpness etcetera. | [facilitator]: It should have a memory switch, a mute button in case the telephone rings or something. | [facilitator]: Uh speech recognition is one of her very f favourite personal uh features she would like see d d to be integrated in this um in this new remote. | [facilitator]: Um. Should be child friendly design with few buttons, colourful maybe with s star shaped or other shaped buttons. | [facilitator]: Um she uh presented also an oversized remote which she guarantees nobody will ever be able to lose.","Um that's right. But uh her very f personal favourite really she, she would very much like to see a speech recogniser integrated in this remote.",Ideate,0,221,Speaker D
116,"[facilitator]: Uh speech recognition is one of her very f favourite personal uh features she would like see d d to be integrated in this um in this new remote. | [facilitator]: Um. Should be child friendly design with few buttons, colourful maybe with s star shaped or other shaped buttons. | [facilitator]: Um she uh presented also an oversized remote which she guarantees nobody will ever be able to lose. | [facilitator]: Um that's right. But uh her very f personal favourite really she, she would very much like to see a speech recogniser integrated in this remote. | [facilitator]: The industrial designer um presented her uh thoughts on the issue.","She would like a special case made out of plastic that is very strong, not using any harmful materials, should be recyclable and should be colourful.",Ideate,0,223,Speaker D
117,"[facilitator]: Um. Should be child friendly design with few buttons, colourful maybe with s star shaped or other shaped buttons. | [facilitator]: Um she uh presented also an oversized remote which she guarantees nobody will ever be able to lose. | [facilitator]: Um that's right. But uh her very f personal favourite really she, she would very much like to see a speech recogniser integrated in this remote. | [facilitator]: The industrial designer um presented her uh thoughts on the issue. | [facilitator]: She would like a special case made out of plastic that is very strong, not using any harmful materials, should be recyclable and should be colourful.",Should have an integrated circuit board that's highly sophisticated and temperature resistant.,Ideate,0,224,Speaker D
118,"[facilitator]: Um she uh presented also an oversized remote which she guarantees nobody will ever be able to lose. | [facilitator]: Um that's right. But uh her very f personal favourite really she, she would very much like to see a speech recogniser integrated in this remote. | [facilitator]: The industrial designer um presented her uh thoughts on the issue. | [facilitator]: She would like a special case made out of plastic that is very strong, not using any harmful materials, should be recyclable and should be colourful. | [facilitator]: Should have an integrated circuit board that's highly sophisticated and temperature resistant.",She would like to see a timer and or alarm facility integrated.,Ideate,0,225,Speaker D
119,"[facilitator]: Um that's right. But uh her very f personal favourite really she, she would very much like to see a speech recogniser integrated in this remote. | [facilitator]: The industrial designer um presented her uh thoughts on the issue. | [facilitator]: She would like a special case made out of plastic that is very strong, not using any harmful materials, should be recyclable and should be colourful. | [facilitator]: Should have an integrated circuit board that's highly sophisticated and temperature resistant. | [facilitator]: She would like to see a timer and or alarm facility integrated.","Uh technically this thing would also have a resistor and a capacitor, diode transistor, resonator, and if possible a rechargeable battery.",Ideate,0,226,Speaker D
120,"[facilitator]: She would like a special case made out of plastic that is very strong, not using any harmful materials, should be recyclable and should be colourful. | [facilitator]: Should have an integrated circuit board that's highly sophisticated and temperature resistant. | [facilitator]: She would like to see a timer and or alarm facility integrated. | [facilitator]: Uh technically this thing would also have a resistor and a capacitor, diode transistor, resonator, and if possible a rechargeable battery. | [facilitator]: Uh and of course a circuit board.","And how it would works, you press the button, the chip is morse morse code related relays the uh to the generat to the generator amplification and uh the circuit board is very inexpensive to build and so she thinks this is a great feature uh to to to consider.",Ideate,0,228,Speaker D
121,"[facilitator]: Should have an integrated circuit board that's highly sophisticated and temperature resistant. | [facilitator]: She would like to see a timer and or alarm facility integrated. | [facilitator]: Uh technically this thing would also have a resistor and a capacitor, diode transistor, resonator, and if possible a rechargeable battery. | [facilitator]: Uh and of course a circuit board. | [facilitator]: And how it would works, you press the button, the chip is morse morse code related relays the uh to the generat to the generator amplification and uh the circuit board is very inexpensive to build and so she thinks this is a great feature uh to to to consider.",She would like uh this whole thing should be push buttons with a simple chip uh scrolling method is more expensive and not that practical anymore.,Ideate,0,229,Speaker D
122,"[facilitator]: She would like to see a timer and or alarm facility integrated. | [facilitator]: Uh technically this thing would also have a resistor and a capacitor, diode transistor, resonator, and if possible a rechargeable battery. | [facilitator]: Uh and of course a circuit board. | [facilitator]: And how it would works, you press the button, the chip is morse morse code related relays the uh to the generat to the generator amplification and uh the circuit board is very inexpensive to build and so she thinks this is a great feature uh to to to consider. | [facilitator]: She would like uh this whole thing should be push buttons with a simple chip uh scrolling method is more expensive and not that practical anymore.",Should be battery operated and of course she would have the special cases.,Ideate,0,230,Speaker D
123,"[facilitator]: Uh technically this thing would also have a resistor and a capacitor, diode transistor, resonator, and if possible a rechargeable battery. | [facilitator]: Uh and of course a circuit board. | [facilitator]: And how it would works, you press the button, the chip is morse morse code related relays the uh to the generat to the generator amplification and uh the circuit board is very inexpensive to build and so she thinks this is a great feature uh to to to consider. | [facilitator]: She would like uh this whole thing should be push buttons with a simple chip uh scrolling method is more expensive and not that practical anymore. | [facilitator]: Should be battery operated and of course she would have the special cases.","The marketing expert uh who has to finally come up with to to to market this product has been watching the competition, has done some research on the internet and also has used h her personal observations to come up with the fact that such a remote sh should be small, easy to use and it should be eye catching.",Ideate,0,231,Speaker D
124,"[facilitator]: Uh and of course a circuit board. | [facilitator]: And how it would works, you press the button, the chip is morse morse code related relays the uh to the generat to the generator amplification and uh the circuit board is very inexpensive to build and so she thinks this is a great feature uh to to to consider. | [facilitator]: She would like uh this whole thing should be push buttons with a simple chip uh scrolling method is more expensive and not that practical anymore. | [facilitator]: Should be battery operated and of course she would have the special cases. | [facilitator]: The marketing expert uh who has to finally come up with to to to market this product has been watching the competition, has done some research on the internet and also has used h her personal observations to come up with the fact that such a remote sh should be small, easy to use and it should be eye catching.",From her point of view of course one of the most important facts is that we should get to market before our competition does.,Ideate,0,232,Speaker D
167,"[facilitator]: Yeah. What what do you mean by fruit and vegetables and spongy? | [facilitator]: What you mean clothe No, I missed that one. | [facilitator]: Oh, they're okay so they're not like dressed as a carrot they just have like pictures of fruit on, okay. | [facilitator]: So we're not gonna have a remote control in the shape of of a banana, just maybe Okay and So which fruit are you thinking of? | [facilitator]: Oh, so you want the remote control to be the shape of a fruit, or you want just some kind of like fruit logo on the So something that looks half like a fruit and half like an elephant.","But okay, I'm not, I'm not really sure if uh that would really appeal to everyone though, maybe just to fashion gurus, like maybe just like a little bit n a little fruit picture somewhere in the corner, but I don't know about uh I dunno how ergonomic a, an orange is.",Prototype/Evaluate,96,255,Speaker D
199,"[designer]: Uh yeah yeah. Okay it's a friendly panther. | [designer]: Yeah maybe. Um. Actually, honestly I I I dunno what's what's his it's be behaviour, I dunno if if it's the male who who hunts or it's the female uh, I I I have watched that lions di didn't hunt it's the the female lions who who hunt, so but I like it because it's fast, and it's black as well, so it can he it can hide itself very easily and it's it's it looks like um powerful, strong, uh I dunno. | [designer]: I I watch a a film about a black panther when I was a child and I was in that age when everything was shocking me a lot. | [designer]: Okay. I like it. Yeah. | [facilitator]: Good morning. And I am Hemant, the industrial designer.",But don't you think it's very difficult to draw a panther?,Ideate,98,61,Speaker D
204,"[facilitator]: Alright. Oh yeah. Okay, so we're gonna look a little bit at trend watching. | [facilitator]: Basically, I was given um an executive summary that was a market investigation on remote controls that was recently conducted, and then also some fashion watchers in Paris and Milan commented on some things that are gonna be going on this year. | [facilitator]: So first um they had people they ranked um the important aspects of r remote controls, and right now i d they're saying that currently there's a functional look and feel preference, but that really, over the next year it it that's gonna be switching to fancy look and feel remotes, so that just goes back to the whole desire of our c Real Reaction company wanting to focus on fashion and so, even though we're stressing, when we're talking, we've all been talking about this like simplicity and easy to use idea, they're sort of wanting us to remember that the number one thing for everyone is that it's fancy look and feel. | [facilitator]: And as these are ranked, the top one is doubly important to the second one, which is doubly important to the third one, so just to take that weight into account. | [facilitator]: The second thing that was mentioned as important was the technological innovations.","That would be like if we use something like the space material or the L_C_D_ screen, things like that.",Prototype/Evaluate,65,296,Speaker D
214,"[facilitator]: Well, I th I tried to uh implement a picture here, but it's hardly readable. | [facilitator]: Can you see it? No? | [facilitator]: Well Um, there's a energy source here. | [facilitator]: And um basically there it's connected to three things. | [facilitator]: The user interface connected to a chip, which is connected to the sender, which generates messages using uh infrared light, which are sent to the receiver.","That's basically the idea. And there's a little picture, just for your imagination, how a device like this should look or can look.",Ideate,65,279,Speaker D
215,"[facilitator]: There's just one chip. There are a few buttons connected. | [facilitator]: Uh the buttons are lit. | [facilitator]: And the whole thing is transmitted by a infrared li diode, and there is not a power source here. | [facilitator]: So that's basically the total design of this piece of equipment. | [facilitator]: There's nothing more to it.","It's fairly easy. It's been done many times before, and I think we should uh we should c s succeed in in our plan to do this.",Ideate,65,296,Speaker D
216,"[facilitator]: Uh the buttons are lit. | [facilitator]: And the whole thing is transmitted by a infrared li diode, and there is not a power source here. | [facilitator]: So that's basically the total design of this piece of equipment. | [facilitator]: There's nothing more to it. | [facilitator]: It's fairly easy. It's been done many times before, and I think we should uh we should c s succeed in in our plan to do this.","So Okay, so uh personally I think we should infra use infrared, because uh otherwise our device cannot uh communicate with uh almost every T_V_ set.",Ideate,65,297,Speaker D
231,"[facilitator]: Okay. Um there are the decisions we have to turn to, but we'll come back to them in a minute after I take us to the minutes of the previous meeting. | [facilitator]: Right um as we remember, I opened the meeting, the four of us were present, the meeting the first meeting's minutes were reviewed and approved. | [facilitator]: Um Sarah, you presented a marketing research report um which pretty much rep represented that fifteen to thirty five year olds uh it has to be hand-held, power, channel, volume, number keys, possibly a speech recognition. | [facilitator]: And then Steph did a second presentation um that those functions plus streamlining them with big user-friendly keys that were easy to use. | [facilitator]: I think all of us agreed with those things.","Kate presented a working design of going after going over the basics on the whiteboard um that it should be a simple mass-produced device, because of the twelve and a half Pence cost.",Prototype/Evaluate,117,225,Speaker D
288,"[facilitator]: We want people to eventually say, oh that's that's Real Reaction that's a good m make. | [facilitator]: It's reliable. And and we're gonna make it we're gonna win mind-share by uh either being a fantastic product or for it working, it just being good, reasonable-priced, and solid. | [facilitator]: So if we can make if we can put an emphasis here on it not breaking I think that's in itself an extremely big thing. | [facilitator]: We only have a few minutes left. | [facilitator]: Is twenty-five Euros a mid-market price for a remote?","Okay. Okay. Well I'd be inclined to say, if we can make the design better than any comparable remote while reducing the cost, then that's the way we really should play it.",Prototype/Evaluate,80,374,Speaker D
358,"[facilitator]: Sports season. Which sport season? | [facilitator]: So so maybe what So I think what we need to do is perhaps to synchronise the final the the launch of a user-tested device with some special event. | [facilitator]: And and then um so that gives us a little more time perhaps then we anticipated, because I don't know when the World Cup is, but I'm sure there's gonna be one. | [facilitator]: Or another m major sports event. | [facilitator]: Probably not the um the football games coming up the end of January.","I think that might be a little too aggressive um, but, so, I'm just ig uh pointing out a uh a strategy to uh do some additional user testing pri and then to launch um at a a major sports event or uh perhaps to uh also And to work with motion pictures.",Prototype/Evaluate,115,219,Speaker D
361,"[designer]: And as well as that, the two designers are going to work together on our prototype following those instructions that we've just come up with using modelling clay and you will get extra instructions from your personal coach. | [designer]: Is that all okay? And anyone who hasn't put their their presentation in the project documents folder, it would be good just so in case we have to refer to it. | [designer]: Y ah nobody wants to talk to you. | [designer]: Unplug yourself. I dunno, maybe I would car | [facilitator]: Does that mean like a wind-up one?","A wind-up remote. You could make the hand dynamo into an exercise bike, and then people could exercise whilst watching T_V_.",Prototype/Evaluate,115,262,Speaker D
379,"[facilitator]: Well, I th I tried to uh implement a picture here, but it's hardly readable. | [facilitator]: Can you see it? No? | [facilitator]: Well Um, there's a energy source here. | [facilitator]: And um basically there it's connected to three things. | [facilitator]: The user interface connected to a chip, which is connected to the sender, which generates messages using uh infrared light, which are sent to the receiver.","That's basically the idea. And there's a little picture, just for your imagination, how a device like this should look or can look.",Ideate,61,279,Speaker D
380,"[facilitator]: There's just one chip. There are a few buttons connected. | [facilitator]: Uh the buttons are lit. | [facilitator]: And the whole thing is transmitted by a infrared li diode, and there is not a power source here. | [facilitator]: So that's basically the total design of this piece of equipment. | [facilitator]: There's nothing more to it.","It's fairly easy. It's been done many times before, and I think we should uh we should c s succeed in in our plan to do this.",Ideate,61,296,Speaker D
381,"[facilitator]: Uh the buttons are lit. | [facilitator]: And the whole thing is transmitted by a infrared li diode, and there is not a power source here. | [facilitator]: So that's basically the total design of this piece of equipment. | [facilitator]: There's nothing more to it. | [facilitator]: It's fairly easy. It's been done many times before, and I think we should uh we should c s succeed in in our plan to do this.","So Okay, so uh personally I think we should infra use infrared, because uh otherwise our device cannot uh communicate with uh almost every T_V_ set.",Ideate,61,297,Speaker D
395,"[designer]: It's easy to use, I think that's one thing that um and I guess from the component point of view it's easy to build as well 'cause things are like fixed. | [facilitator]: Could you plug me in? | [facilitator]: Okay. Thanks. Okay. 'Kay. Okay. | [facilitator]: And the slogan, like the actual written slogan, or just to embody the idea of the slogan? 'Bout putting the fashion in electronics. | [facilitator]: Sure. Right. Mm-hmm. M yeah, like a lot of a lot of what I've um read and prepared for this meeting fits in really closely with what with what Craig's just gone over.",So in part I could I could give you some of my personal preferences but I could also th add some to this which is just about sort of um sort of market research.,Ideate,62,269,Speaker D
413,[designer]: Yeah. It's called uh the Real Remote. | [designer]: With a copyright sign after Real. | [designer]: So maybe you can include that somewhere. | [designer]: Yeah. I don't see any power cables here so 'Kay. | [facilitator]: . Just kidding. So annoying.,I just put it in the in the shared folder so it should be yeah I think so.,Ideate,62,437,Speaker D
414,[designer]: With a copyright sign after Real. | [designer]: So maybe you can include that somewhere. | [designer]: Yeah. I don't see any power cables here so 'Kay. | [facilitator]: . Just kidding. So annoying. | [facilitator]: I just put it in the in the shared folder so it should be yeah I think so.,"Yeah, conceptual design. What or whatever does it No no no, can you go back one?",Ideate,62,438,Speaker D
453,"[facilitator]: I presume it must have been not not spongy last year. | [facilitator]: So we need to emphasise the fancy design with on on our remote control above all else. | [facilitator]: And then also try and add in technological informat innovation which could be our sort of find the thing with a hand clap. | [facilitator]: And then we need to ma sort of make it easy to use that's as a third priority, so perhaps um fewer fewer buttons and functions as we've as we've discussed. | [facilitator]: And then maybe find a way to incorporate these trends so that we sort of capture people's imaginations.","So maybe we could make the buttons shaped like fruit and veg, or the the buttons could be spongy, uh somehow.",Prototype/Evaluate,101,332,Speaker D
488,"[designer]: Oh, it's okay. Yeah. Colourful, you you Yep. | [designer]: Yeah. Yeah. Oh yeah. You can Ah may But uh uh scroll for a channel s selection or volume Ma Oh okay. | [designer]: Oh okay. Out. I have to call this in a form. | [designer]: Ah. But we ha w we don't uh use our reco uh we uh removable cover? | [designer]: No, huh? Maybe maybe later, maybe we can uh","Hello. So, are you d what were j you guys discussing?",Ideate,40,370,Speaker D
489,"[facilitator]: So I'll just close this one now, and let's uh let's see,. | [facilitator]: We have a lot to tell. | [facilitator]: You had a lot to go on. | [facilitator]: So uh how about you go first. | [facilitator]: Okay. Does it provide enough energy?","Also if if we were choose the the L_C_D_ option, would it give enough energy Okay, that's the just assume it takes.",Ideate,40,398,Speaker D
490,"[facilitator]: Okay. Does it provide enough energy? | [facilitator]: Also if if we were choose the the L_C_D_ option, would it give enough energy Okay, that's the just assume it takes. | [facilitator]: Well, I'm not sure if it's shaken enough, because No, I don't think so, because uh watches can go on kinetic energy because they move all the time. | [facilitator]: But I'm sure t I mean remotes lie still I think like ninety nine percent of the time. | [facilitator]: So I don't think that's a really good the other alternative were solar cells.",I don't think that's applicable because I thin why why shouldn't we take a basic battery?,Ideate,40,402,Speaker D
491,"[facilitator]: I don't think that's applicable because I thin why why shouldn't we take a basic battery? | [facilitator]: Why not? I mean everybody everybody knows how to use that. | [facilitator]: It's it's common. So and it's available everywhere. | [facilitator]: So why sh mm I think better. | [facilitator]: Yeah, but it's Yeah, uh it wasn't it wasn't in the options, a rechargeable m module actually.","Okay yeah, b you c of course you could place re re-chargeable batteries.",Ideate,40,407,Speaker D
492,"[facilitator]: I mean it they they fall a lot. | [facilitator]: So Well, you have for if you if for example if you take hard plastic. | [facilitator]: If it falls it might crack. | [facilitator]: And rubber uh kind of softens the fall. | [facilitator]: I'm not sure if it's the it's the entire cover you change.","Uh, it's could be. You know what, th we're focusing very much on the covers now.",Ideate,40,431,Speaker D
493,"[facilitator]: But I think the basic thing let's just rule out wood for now and continue. | [facilitator]: We're definitely focussing on the younger people, 'cause that was our main goal. | [facilitator]: Okay okay, we will. Mm-hmm. | [facilitator]: Mm-hmm. Evident. Yeah, o of course we're gonna use. | [facilitator]: But I didn't I didn't go on the thought of a scroll-wheel actually.",I'm still deciding on what what what could you use it for.,Ideate,40,439,Speaker D
494,"[facilitator]: We're definitely focussing on the younger people, 'cause that was our main goal. | [facilitator]: Okay okay, we will. Mm-hmm. | [facilitator]: Mm-hmm. Evident. Yeah, o of course we're gonna use. | [facilitator]: But I didn't I didn't go on the thought of a scroll-wheel actually. | [facilitator]: I'm still deciding on what what what could you use it for.","Maybe for volume control. Channel, I think that would be annoying because it might accidentally scroll onto another channel.",Ideate,40,440,Speaker D
495,"[facilitator]: I'm still deciding on what what what could you use it for. | [facilitator]: Maybe for volume control. Channel, I think that would be annoying because it might accidentally scroll onto another channel. | [facilitator]: I think a push-button for channel would be better. | [facilitator]: I mean it for volume control it's it's a smoother motion, you can just increase or decrease. | [facilitator]: But not sure. For channels will be good.",I don't think so. I haven't I haven't taken it into consideration.,Ideate,40,444,Speaker D
496,"[facilitator]: Are they? Yeah, but if it's if it's not useful, I don't think it I don't think it gives an extra function to the remote. | [facilitator]: Anyway What you what what'd you get on the L_C_D_ screen? | [facilitator]: Is it expensive? Does it And how much more expensive is that? | [facilitator]: Or No absolute numbers, but it's just more expensive and takes more room I suppose in your in your design. | [facilitator]: Don't think it's an issue, okay.","Oh let's go for let's say because it is uh very hot in n our target group I think, we should take it take it t to consideration to build an L_C_D_ screen in it.",Ideate,40,453,Speaker D
497,"[facilitator]: Or No absolute numbers, but it's just more expensive and takes more room I suppose in your in your design. | [facilitator]: Don't think it's an issue, okay. | [facilitator]: Oh let's go for let's say because it is uh very hot in n our target group I think, we should take it take it t to consideration to build an L_C_D_ screen in it. | [facilitator]: Okay. Which basically has the same functionality, but lacks the L_C_D_ screen. | [facilitator]: Okay. We'll pick a we'll pick from uh we'll just combine everything later.","Mm-hmm. Once again I was would ask you if it's expensive, but apparently you don't have any data.",Ideate,40,456,Speaker D
498,"[facilitator]: Don't think it's an issue, okay. | [facilitator]: Oh let's go for let's say because it is uh very hot in n our target group I think, we should take it take it t to consideration to build an L_C_D_ screen in it. | [facilitator]: Okay. Which basically has the same functionality, but lacks the L_C_D_ screen. | [facilitator]: Okay. We'll pick a we'll pick from uh we'll just combine everything later. | [facilitator]: Mm-hmm. Once again I was would ask you if it's expensive, but apparently you don't have any data.",So Well what d what was exact what you got on the on the new component?,Ideate,40,457,Speaker D
499,"[facilitator]: Okay. Which basically has the same functionality, but lacks the L_C_D_ screen. | [facilitator]: Okay. We'll pick a we'll pick from uh we'll just combine everything later. | [facilitator]: Mm-hmm. Once again I was would ask you if it's expensive, but apparently you don't have any data. | [facilitator]: So Well what d what was exact what you got on the on the new component? | [facilitator]: That's small. So we can implement it.",So why why if it's small and we can imp why shouldn't we?,Ideate,40,459,Speaker D
500,"[facilitator]: Okay. We'll pick a we'll pick from uh we'll just combine everything later. | [facilitator]: Mm-hmm. Once again I was would ask you if it's expensive, but apparently you don't have any data. | [facilitator]: So Well what d what was exact what you got on the on the new component? | [facilitator]: That's small. So we can implement it. | [facilitator]: So why why if it's small and we can imp why shouldn't we?",And there's um get your mar marketing report?,Ideate,40,460,Speaker D
501,"[facilitator]: More than sixty percent of the people would like voice recognition. | [facilitator]: If it's small, if it's fits, if if people like it, why not? | [facilitator]: So Yeah, but we got some data on people that actually are int are interested in that, and I don't think a scroll-wheel offers new functionality, whereas speech recognition and L_C_D_ screen do offer new functionality in your product. | [facilitator]: Uh I think so, because if I think we're specially w if you're going maybe uh if you have the two editions you wanna wanna give out, probably you have one with uh with speech recognition and Um Yeah, hold on a minute. | [facilitator]: Were were you we're finished?",Or Oh. Because if there's something that 'Cause have did you have all the materials?,Ideate,40,469,Speaker D
514,"[facilitator]: Let's see, I'll just make One light here. | [facilitator]: And just make it red now. | [facilitator]: But it could be any colour. | [facilitator]: So Okay, whatever. Fine, anyway. | [facilitator]: What do we have here?",M I'll make it um are we gonna use square buttons or round ones actually?,Prototype/Evaluate,40,561,Speaker D
542,"[facilitator]: So that's the sample sensor. | [facilitator]: So if you say mute, it says mute again, and then it's um well, I believe it's uh Yeah, and then uh he he repeats its action what which he believes it is. | [facilitator]: So you say mute, he repeats mute and you makes a computer sound mute, and then goes to the mute function. | [facilitator]: Yeah. Well, I don't have um I haven't looked for uh for information about it, but I don't think information uh y I don't think you need it on a display. | [facilitator]: Especially when when we have to look at a cost, I don't think uh 'cause uh uh all any T_V_ can uh can uh view a digit on uh on screen, yeah.",But what about um the markets uh wants colourfuls uh designs?,Prototype/Evaluate,118,406,Speaker D
691,"[facilitator]: Yeah. Yeah. Yeah, so each of us has a role to do. | [facilitator]: In each We already have our role. 'Kay, we can So there are three kinds of designs, that's all. | [facilitator]: Okay, alright. Yeah, yeah. I'm doing the interface. | [facilitator]: Are you using the you are doing the in Ah Okay. | [facilitator]: Mm? Um working on i.",User interface. Yes. You see the second mail?,Ideate,22,89,Speaker D
692,"[facilitator]: Appendix. See there's a role for everybody. | [facilitator]: Even for the marketing. But look at your role, your marketing role. | [facilitator]: Yeah, that's your role. Mm. | [facilitator]: Yes. Mm-hmm. Need to collect information. | [facilitator]: Um. I I'm part of design, perhaps.","Uh, what is most important in a in a remote control?",Ideate,22,96,Speaker D
698,"[designer]: Okay. Okay. Okay, okay. Okay. | [designer]: Mm. Okay. Okay. Okay. | [facilitator]: So, I will open our functional design meeting. | [facilitator]: So, I will play role of the secretary. | [facilitator]: As also Program Ma Manager.","So, we will have the three presentations from the In Industrial Designer, User Interface Designer and um What's your talk?",Ideate,13,167,Speaker D
699,"[facilitator]: So, we will have the three presentations from the In Industrial Designer, User Interface Designer and um What's your talk? | [facilitator]: Marketing Experts. And after that we uh will have the uh new product requirements, the decision on the remote control functions, and we will close the meetings after. | [facilitator]: Mm so um I suppose the first to do the presentation will be the User Interface Designer. | [facilitator]: Um, so you're participant two? | [facilitator]: No you're No, I'm participant one.","Okay, never mind. 'Kay, did you save your presentation?",Ideate,13,172,Speaker D
709,"[designer]: Okay. Okay. Okay, okay. Okay. | [designer]: Mm. Okay. Okay. Okay. | [facilitator]: So, I will open our functional design meeting. | [facilitator]: So, I will play role of the secretary. | [facilitator]: As also Program Ma Manager.","So, we will have the three presentations from the In Industrial Designer, User Interface Designer and um What's your talk?",Ideate,13,167,Speaker D
710,"[facilitator]: So, we will have the three presentations from the In Industrial Designer, User Interface Designer and um What's your talk? | [facilitator]: Marketing Experts. And after that we uh will have the uh new product requirements, the decision on the remote control functions, and we will close the meetings after. | [facilitator]: Mm so um I suppose the first to do the presentation will be the User Interface Designer. | [facilitator]: Um, so you're participant two? | [facilitator]: No you're No, I'm participant one.","Okay, never mind. 'Kay, did you save your presentation?",Ideate,13,172,Speaker D
717,"[facilitator]: So I will let you to do your presentation, so. | [facilitator]: You mean the loo the look, the outside? | [facilitator]: Okay. Mm-hmm. What is R_S_I_? | [facilitator]: Ah um okay. Mm-hmm. Mm okay. | [facilitator]: And just to have uh an idea, do you think you as the User Interface Designer to would it be possible to have less buttons and still have the same functionality and to have powerful remote control, you think it's possible?","Sure? Yeah? Yeah. Yeah, but do you think it will be easy to use?",Prototype/Evaluate,13,203,Speaker D
720,"[facilitator]: Yeah. Yeah. Yeah, so each of us has a role to do. | [facilitator]: In each We already have our role. 'Kay, we can So there are three kinds of designs, that's all. | [facilitator]: Okay, alright. Yeah, yeah. I'm doing the interface. | [facilitator]: Are you using the you are doing the in Ah Okay. | [facilitator]: Mm? Um working on i.",User interface. Yes. You see the second mail?,Ideate,24,89,Speaker D
721,"[facilitator]: Appendix. See there's a role for everybody. | [facilitator]: Even for the marketing. But look at your role, your marketing role. | [facilitator]: Yeah, that's your role. Mm. | [facilitator]: Yes. Mm-hmm. Need to collect information. | [facilitator]: Um. I I'm part of design, perhaps.","Uh, what is most important in a in a remote control?",Ideate,24,96,Speaker D
772,"[facilitator]: All set? Cool. Alright, it is PowerPoint time. | [facilitator]: I've done more PowerPoints in this particular experiment than I've ever done in my life before this experiment which is kind of fun. | [facilitator]: So uh here we have our detailed design meeting where we will um look at the prototype and um right so um, I finally figured out what this whole second bullet point is about in my that my coach was sending to me. | [facilitator]: It means I'm supposed to read the minutes from the previous meeting. | [facilitator]: I think. I don't know.","Otherwise it's just saying I'm the secretary and I'm therefore I'm taking the minutes, s so just to go um just real briefly to go over minutes from last meeting, uh, I will open them slowly, no?",Ideate,93,262,Speaker D
830,"[facilitator]: Yeah it's uh Yeah we we can give a preference to them, but it is but with plastic or the rubber or whatever it is it's much better with that rather than going for Yeah. | [facilitator]: Yeah. Yea Okay. Yeah sure. | [facilitator]: Yeah we will uh Yeah. | [facilitator]: Uh. Yeah.. Okay. We can give them smooth keys, you know. | [facilitator]: Smooth keys with bigger s uh So that you know The the problem most of the time we've seen, the keys is that it's small, and every time we have to be very but if i the if we if we go to a different ways of designing those keys, then you can merge them together to Oh you can actually, for example, if you see, they are they are they are quite small over here, and uh now you can, for example, as I was if you make them big, it may change the look of the thing also to the people.","At the same time, it is m more uh like it would be more interesting for people who are having this R_S_I_ and all problem.",Prototype/Evaluate,46,240,Speaker D
863,"[facilitator]: Right. Hmm. Yeah. Great. Okay. | [facilitator]: Okay. And did you determine um the curvature of the bottom part of it for the hand, is it gonna be a single or a double? | [facilitator]: Single. Single sounds good, 'cause it's not big enough to really constitute a double. | [facilitator]: Great. Great. I think you did an awesome job. | [facilitator]: It is beautiful, and it's everything that we discussed.",Good job. Alright what's next in our agenda?,Ideate,25,172,Speaker D
918,"[designer]: And you said the lowest. | [designer]: Yeah, for the batteries Mm-hmm. | [designer]: So more general remote control instead of just focusing on uh on T_V_. | [designer]: The complexity shouldn't be much higher. | [designer]: For you said if it good for D_V_D_ then I would Bye.",Okay. Good afternoon again. So we should have our final meeting about the detail designed of detail design of the product of the remote control.,Ideate,83,256,Speaker D
919,"[designer]: For you said if it good for D_V_D_ then I would Bye. | [facilitator]: Okay. Good afternoon again. So we should have our final meeting about the detail designed of detail design of the product of the remote control. | [facilitator]: Um So here is the agenda for today. | [facilitator]: Uh uh just going to go quickly through the minutes of the last last uh meeting then we have a p presentation of prototype of you two, sounds interesting. | [facilitator]: And we'll have um presentation of evaluation crit criteria by ou our Marketing Experts.",Then we'll have to go through finance evaluation of the of the cost of the thing and um hopefully uh we should fit the target o tw of twelve point five uh uh Euro.,Ideate,83,260,Speaker D
920,"[facilitator]: No L_C_D_, no speech recognition technology, okay, we went through a b to a banana look and feel for the remote control. | [facilitator]: We went through the use of wheels and but buttons. | [facilitator]: And also the use of a basis station for battery ch charging and uh also to um call the to call the mot mote remote control when it is lost. | [facilitator]: Okay. Um. Good. So guys let this uh wonderful thing. | [facilitator]: Oh yeah. Sorry. Um. Which is Yeah can you show it to the the camera maybe.",Mm-hmm. What's the use uh of the t turbo button already?,Ideate,83,268,Speaker D
933,"[facilitator]: I mean if you can't control the the sound settings I mean if you dislike a very uh loud bass or something, you you need to change that. | [facilitator]: So um yeah we have to. | [facilitator]: We c we c Yeah I mean w we can't my my T_V_ has, but we we can leave them uh away. | [facilitator]: Uh most relevant, uh most used functions, uh they speak for themselves I guess. | [facilitator]: Uh power button, uh channel, volume selection.","Uh teletext but we can skip that because I saw the newsflash, and teletext is so outdated that it it's i should not be used uh any more in the future.",Ideate,83,397,Speaker D
966,"[facilitator]: Okay. Yeah, okay. So you have Mm-hmm. | [facilitator]: Okay. Okay. That was it? | [facilitator]: I'll get back to my thing then. | [facilitator]: Uh Okay, back this up to the screen. | [facilitator]: So I got some new information on the project specifications are changing a little.","Like you said uh teletext is not not very popular anymore because the uh the internet, nowadays people don't use the teletext anymore or hardly, so it can either Well, I don't think we should remove the button, because there are always people who are using it.",Ideate,10,341,Speaker D
967,"[facilitator]: Okay. Okay. That was it? | [facilitator]: I'll get back to my thing then. | [facilitator]: Uh Okay, back this up to the screen. | [facilitator]: So I got some new information on the project specifications are changing a little. | [facilitator]: Like you said uh teletext is not not very popular anymore because the uh the internet, nowadays people don't use the teletext anymore or hardly, so it can either Well, I don't think we should remove the button, because there are always people who are using it.",But I don't think it should be very it should be one of the big buttons for example.,Ideate,10,342,Speaker D
968,"[facilitator]: It's not important anymore. Um we're targeting young people now, because our um This is a new product and with this new product we want to appeal to younger people, which are um the younger people were defined under forty. | [facilitator]: I so I think it's that's also good with the fashion and everything, so yeah. | [facilitator]: They want to pay for it, people are willing to spend money actually to buy a um remote that they like. | [facilitator]: If they like the way it looks, the way it functions, so they're actually gonna spend uh spend money on it. | [facilitator]: Yeah. see how far we can go with it anyway, so And one thing that should be important is that the corporate l colour and slogan are recognisable, which is apparently black and yellow, but I'm not sure if we I think we should keep the the logo in mind, because with colours you can uh have a lot of uh fashionable colours and everything on it, which suits everybody's taste.","So With that concept I started thinking, so why not just steal Nokia's idea and just make changeable covers for your I mean those cost hardly anything I think, and people could even spend extra money on buying a cover and so have an entire new remote control that they like to see.",Ideate,10,349,Speaker D
969,"[facilitator]: If they like the way it looks, the way it functions, so they're actually gonna spend uh spend money on it. | [facilitator]: Yeah. see how far we can go with it anyway, so And one thing that should be important is that the corporate l colour and slogan are recognisable, which is apparently black and yellow, but I'm not sure if we I think we should keep the the logo in mind, because with colours you can uh have a lot of uh fashionable colours and everything on it, which suits everybody's taste. | [facilitator]: So With that concept I started thinking, so why not just steal Nokia's idea and just make changeable covers for your I mean those cost hardly anything I think, and people could even spend extra money on buying a cover and so have an entire new remote control that they like to see. | [facilitator]: Or we can sh for example we can make a different a basic design. | [facilitator]: And sell the covers separately, for example.","That's just a little marketing idea that could be applied, so you can p it appeals to really everyone.",Ideate,10,352,Speaker D
970,"[facilitator]: Or we can sh for example we can make a different a basic design. | [facilitator]: And sell the covers separately, for example. | [facilitator]: That's just a little marketing idea that could be applied, so you can p it appeals to really everyone. | [facilitator]: So you don't have to I think you don't have to make entire remote controls. | [facilitator]: We make a basic one and manufacture this cover separately.",So that was that was my idea on what we could do to appeal this product to everyone.,Ideate,10,355,Speaker D
971,"[facilitator]: So you don't have to I think you don't have to make entire remote controls. | [facilitator]: We make a basic one and manufacture this cover separately. | [facilitator]: So that was that was my idea on what we could do to appeal this product to everyone. | [facilitator]: So just I'm not sure if you came up with anything in the meantime, after making a presentation. | [facilitator]: Would you like to share?","Okay. Oh yeah. I think we should lose the L_C_D_ screen, like you said.",Ideate,10,358,Speaker D
972,"[facilitator]: Would you like to share? | [facilitator]: Okay. Oh yeah. I think we should lose the L_C_D_ screen, like you said. | [facilitator]: I think for example it's it's huge I think the L_C_D_ is huge, it consumes batteries like hell. | [facilitator]: I think it takes up a lot of a lot of power. | [facilitator]: It costs a lot, I think.","What we could do, what could be possible, is maybe not an L_C_D_ screen but with a preview, but y I'm not sure if it's even possible.",Ideate,10,362,Speaker D
973,"[facilitator]: I think it takes up a lot of a lot of power. | [facilitator]: It costs a lot, I think. | [facilitator]: What we could do, what could be possible, is maybe not an L_C_D_ screen but with a preview, but y I'm not sure if it's even possible. | [facilitator]: For example, a little T_V_ guide. | [facilitator]: Like you have a little just just a text only, not colour, just a little text thing so you can use your remote as a T_V_ guide.","I'm not sure it's even possible, but maybe okay, make it Yeah, find a little compromise in that, but What did I write down?",Ideate,10,365,Speaker D
974,"[facilitator]: For example, a little T_V_ guide. | [facilitator]: Like you have a little just just a text only, not colour, just a little text thing so you can use your remote as a T_V_ guide. | [facilitator]: I'm not sure it's even possible, but maybe okay, make it Yeah, find a little compromise in that, but What did I write down? | [facilitator]: I think the p yeah, the beep is a very simple thing to imple implement, just make a button on your T_V_ and just hit the button, it beeps somewhere. | [facilitator]: I think it's easy to implement, we should go for that.","Uh speech recognition. I thin Yeah, I mean where else should you put it?",Ideate,10,368,Speaker D
975,"[facilitator]: Like you have a little just just a text only, not colour, just a little text thing so you can use your remote as a T_V_ guide. | [facilitator]: I'm not sure it's even possible, but maybe okay, make it Yeah, find a little compromise in that, but What did I write down? | [facilitator]: I think the p yeah, the beep is a very simple thing to imple implement, just make a button on your T_V_ and just hit the button, it beeps somewhere. | [facilitator]: I think it's easy to implement, we should go for that. | [facilitator]: Uh speech recognition. I thin Yeah, I mean where else should you put it?","Yeah, but how are you gonna use that if your I mean if your remote control is lost, how are you gonna press where are you gonna press the button?",Ideate,10,369,Speaker D
976,"[facilitator]: Uh speech recognition. I thin Yeah, I mean where else should you put it? | [facilitator]: Yeah, but how are you gonna use that if your I mean if your remote control is lost, how are you gonna press where are you gonna press the button? | [facilitator]: A slap-on sticker. Oh, you mean as like a separate thing you can attach to your T_V_. | [facilitator]: Yeah, that could be possible. | [facilitator]: A little little box you can attach to your T_V_ is fine then, okay.","I think it's universal. I think we should go for universal, because apparently we're a separate company making separate c remote controls to sell to a lot of diverse people.",Ideate,10,373,Speaker D
977,"[facilitator]: I think universal remote control should be possible. | [facilitator]: Yeah, I think we're targeting everyone, so remote Okay, universal is good. | [facilitator]: Speech recognition, I think it's very hard, because we're selling across multiple countries. | [facilitator]: So I think implementing speech recognition is such a small um apparatus, it's very hard to do. | [facilitator]: Yeah, but I don't see Arabian people speaking one, two uh whatever.","It's Yeah. It's not a mature technology, I think it takes a lot of memory and everything in in a remote control, so I don't think it should be implemented in a remote control yet uh.",Ideate,10,379,Speaker D
978,"[facilitator]: Speech recognition, I think it's very hard, because we're selling across multiple countries. | [facilitator]: So I think implementing speech recognition is such a small um apparatus, it's very hard to do. | [facilitator]: Yeah, but I don't see Arabian people speaking one, two uh whatever. | [facilitator]: It's Yeah. It's not a mature technology, I think it takes a lot of memory and everything in in a remote control, so I don't think it should be implemented in a remote control yet uh. | [facilitator]: What else do we have?",Um well you should you should look into the in into the materials that are real durable.,Ideate,10,381,Speaker D
979,"[facilitator]: It's Yeah. It's not a mature technology, I think it takes a lot of memory and everything in in a remote control, so I don't think it should be implemented in a remote control yet uh. | [facilitator]: What else do we have? | [facilitator]: Um well you should you should look into the in into the materials that are real durable. | [facilitator]: So the the the symbols won't fade, maybe a little harder plastic or especially li we don't maybe we don't have have to do all the buttons, but especially the ones that are um the popular buttons, so those always fade first. | [facilitator]: Mm the thing is the most important things that we have now.","Let's see. For example? Well, we're not we're not targeting older people, we should remember that.",Ideate,10,384,Speaker D
1020,"[facilitator]: Okay. Yeah, okay. So you have Mm-hmm. | [facilitator]: Okay. Okay. That was it? | [facilitator]: I'll get back to my thing then. | [facilitator]: Uh Okay, back this up to the screen. | [facilitator]: So I got some new information on the project specifications are changing a little.","Like you said uh teletext is not not very popular anymore because the uh the internet, nowadays people don't use the teletext anymore or hardly, so it can either Well, I don't think we should remove the button, because there are always people who are using it.",Ideate,10,341,Speaker D
1021,"[facilitator]: Okay. Okay. That was it? | [facilitator]: I'll get back to my thing then. | [facilitator]: Uh Okay, back this up to the screen. | [facilitator]: So I got some new information on the project specifications are changing a little. | [facilitator]: Like you said uh teletext is not not very popular anymore because the uh the internet, nowadays people don't use the teletext anymore or hardly, so it can either Well, I don't think we should remove the button, because there are always people who are using it.",But I don't think it should be very it should be one of the big buttons for example.,Ideate,10,342,Speaker D
1022,"[facilitator]: It's not important anymore. Um we're targeting young people now, because our um This is a new product and with this new product we want to appeal to younger people, which are um the younger people were defined under forty. | [facilitator]: I so I think it's that's also good with the fashion and everything, so yeah. | [facilitator]: They want to pay for it, people are willing to spend money actually to buy a um remote that they like. | [facilitator]: If they like the way it looks, the way it functions, so they're actually gonna spend uh spend money on it. | [facilitator]: Yeah. see how far we can go with it anyway, so And one thing that should be important is that the corporate l colour and slogan are recognisable, which is apparently black and yellow, but I'm not sure if we I think we should keep the the logo in mind, because with colours you can uh have a lot of uh fashionable colours and everything on it, which suits everybody's taste.","So With that concept I started thinking, so why not just steal Nokia's idea and just make changeable covers for your I mean those cost hardly anything I think, and people could even spend extra money on buying a cover and so have an entire new remote control that they like to see.",Ideate,10,349,Speaker D
1023,"[facilitator]: If they like the way it looks, the way it functions, so they're actually gonna spend uh spend money on it. | [facilitator]: Yeah. see how far we can go with it anyway, so And one thing that should be important is that the corporate l colour and slogan are recognisable, which is apparently black and yellow, but I'm not sure if we I think we should keep the the logo in mind, because with colours you can uh have a lot of uh fashionable colours and everything on it, which suits everybody's taste. | [facilitator]: So With that concept I started thinking, so why not just steal Nokia's idea and just make changeable covers for your I mean those cost hardly anything I think, and people could even spend extra money on buying a cover and so have an entire new remote control that they like to see. | [facilitator]: Or we can sh for example we can make a different a basic design. | [facilitator]: And sell the covers separately, for example.","That's just a little marketing idea that could be applied, so you can p it appeals to really everyone.",Ideate,10,352,Speaker D
1024,"[facilitator]: Or we can sh for example we can make a different a basic design. | [facilitator]: And sell the covers separately, for example. | [facilitator]: That's just a little marketing idea that could be applied, so you can p it appeals to really everyone. | [facilitator]: So you don't have to I think you don't have to make entire remote controls. | [facilitator]: We make a basic one and manufacture this cover separately.",So that was that was my idea on what we could do to appeal this product to everyone.,Ideate,10,355,Speaker D
1025,"[facilitator]: So you don't have to I think you don't have to make entire remote controls. | [facilitator]: We make a basic one and manufacture this cover separately. | [facilitator]: So that was that was my idea on what we could do to appeal this product to everyone. | [facilitator]: So just I'm not sure if you came up with anything in the meantime, after making a presentation. | [facilitator]: Would you like to share?","Okay. Oh yeah. I think we should lose the L_C_D_ screen, like you said.",Ideate,10,358,Speaker D
1026,"[facilitator]: Would you like to share? | [facilitator]: Okay. Oh yeah. I think we should lose the L_C_D_ screen, like you said. | [facilitator]: I think for example it's it's huge I think the L_C_D_ is huge, it consumes batteries like hell. | [facilitator]: I think it takes up a lot of a lot of power. | [facilitator]: It costs a lot, I think.","What we could do, what could be possible, is maybe not an L_C_D_ screen but with a preview, but y I'm not sure if it's even possible.",Ideate,10,362,Speaker D
1028,"[facilitator]: For example, a little T_V_ guide. | [facilitator]: Like you have a little just just a text only, not colour, just a little text thing so you can use your remote as a T_V_ guide. | [facilitator]: I'm not sure it's even possible, but maybe okay, make it Yeah, find a little compromise in that, but What did I write down? | [facilitator]: I think the p yeah, the beep is a very simple thing to imple implement, just make a button on your T_V_ and just hit the button, it beeps somewhere. | [facilitator]: I think it's easy to implement, we should go for that.","Uh speech recognition. I thin Yeah, I mean where else should you put it?",Ideate,10,368,Speaker D
1029,"[facilitator]: Like you have a little just just a text only, not colour, just a little text thing so you can use your remote as a T_V_ guide. | [facilitator]: I'm not sure it's even possible, but maybe okay, make it Yeah, find a little compromise in that, but What did I write down? | [facilitator]: I think the p yeah, the beep is a very simple thing to imple implement, just make a button on your T_V_ and just hit the button, it beeps somewhere. | [facilitator]: I think it's easy to implement, we should go for that. | [facilitator]: Uh speech recognition. I thin Yeah, I mean where else should you put it?","Yeah, but how are you gonna use that if your I mean if your remote control is lost, how are you gonna press where are you gonna press the button?",Ideate,10,369,Speaker D
1030,"[facilitator]: Uh speech recognition. I thin Yeah, I mean where else should you put it? | [facilitator]: Yeah, but how are you gonna use that if your I mean if your remote control is lost, how are you gonna press where are you gonna press the button? | [facilitator]: A slap-on sticker. Oh, you mean as like a separate thing you can attach to your T_V_. | [facilitator]: Yeah, that could be possible. | [facilitator]: A little little box you can attach to your T_V_ is fine then, okay.","I think it's universal. I think we should go for universal, because apparently we're a separate company making separate c remote controls to sell to a lot of diverse people.",Ideate,10,373,Speaker D
1031,"[facilitator]: I think universal remote control should be possible. | [facilitator]: Yeah, I think we're targeting everyone, so remote Okay, universal is good. | [facilitator]: Speech recognition, I think it's very hard, because we're selling across multiple countries. | [facilitator]: So I think implementing speech recognition is such a small um apparatus, it's very hard to do. | [facilitator]: Yeah, but I don't see Arabian people speaking one, two uh whatever.","It's Yeah. It's not a mature technology, I think it takes a lot of memory and everything in in a remote control, so I don't think it should be implemented in a remote control yet uh.",Ideate,10,379,Speaker D
1032,"[facilitator]: Speech recognition, I think it's very hard, because we're selling across multiple countries. | [facilitator]: So I think implementing speech recognition is such a small um apparatus, it's very hard to do. | [facilitator]: Yeah, but I don't see Arabian people speaking one, two uh whatever. | [facilitator]: It's Yeah. It's not a mature technology, I think it takes a lot of memory and everything in in a remote control, so I don't think it should be implemented in a remote control yet uh. | [facilitator]: What else do we have?",Um well you should you should look into the in into the materials that are real durable.,Ideate,10,381,Speaker D
1033,"[facilitator]: It's Yeah. It's not a mature technology, I think it takes a lot of memory and everything in in a remote control, so I don't think it should be implemented in a remote control yet uh. | [facilitator]: What else do we have? | [facilitator]: Um well you should you should look into the in into the materials that are real durable. | [facilitator]: So the the the symbols won't fade, maybe a little harder plastic or especially li we don't maybe we don't have have to do all the buttons, but especially the ones that are um the popular buttons, so those always fade first. | [facilitator]: Mm the thing is the most important things that we have now.","Let's see. For example? Well, we're not we're not targeting older people, we should remember that.",Ideate,10,384,Speaker D
1039,"[facilitator]: I think there's I think there is a standard for example between uh because usually the the menu is the menu button is is usable between different brands. | [facilitator]: Especially the big ones, the big brands, so. 'Cause everybody I have a universal remote control and it can use the menu button, so I think I'm not sure, if you can put some research into that, if it's possible. | [facilitator]: Uh I think just a b and the navigation is very basic, it's usually the same thing. | [facilitator]: Yeah. Yeah, that's true. I think so uh we need to put some research into that if if we can open the menu, I think it's possible, just the way how to. | [facilitator]: Yeah, then then you could do everything I suppose, because usually the T_V_s have tha that inside in this other little piece of software, so it's okay.","Mm-hmm. Yeah. Yeah I think it should be a little distinct from everything else, because it's either it's both mayb maybe the shape can be a little different.",Prototype/Evaluate,10,411,Speaker D
1051,"[facilitator]: No, because it Yeah, people are accustomed to that, it's Can I have that? | [facilitator]: That's j Take this out and here see Uh are we gonna take triangles anyway? | [facilitator]: I'm drawing triangles, but Yeah, it's maybe a bigger lesser than thing. | [facilitator]: So anyway, I think this is should be the channels and or sh Here, okay. | [facilitator]: Okay, should we chan okay, this two, channel up and down.","Well, for that is it's on one part it's um it's a good thing to recharge it Maybe we should what what could be possible is one with rechargeable batteries for example.",Prototype/Evaluate,10,445,Speaker D
1089,"[facilitator]: I'll bet first in volume maybe. | [facilitator]: I dunno. It's only a T_V_. | [facilitator]: Hmm. Mm-hmm. No it's just different. | [facilitator]: Maybe not. S Yeah. Yeah I think we have like and it's not very usable and it will bring down the robustness of the whole thing, 'cause it's it it breaks down easier. | [facilitator]: Mm-hmm. Yep. Yeah. Yeah. Okay so we'll come up with something between thirty five and fifty that is rug rubber, robust, with scroll wheel, with the new facilities of the scroll wheel like favourite stuff, favourite channels, and and with a cradle, and yeah and the locator.",Or not. Okay so you can market pe depending on that?,Prototype/Evaluate,15,367,Speaker D
1100,"[facilitator]: Sorry what does that stand for? | [facilitator]: Okay. No you'd hold it you don't if you flip it open then you'd be Wouldn't you? | [facilitator]: Isn't that the idea? You us if we just use the shell as an example again, you open that, you've got your L_C_D_ display there and you've got the buttons there so you're holding it in the palm of your hand, yeah. | [facilitator]: Mm-hmm. Mm-hmm. Hmm. Mm. Mm. | [facilitator]: Kinetic? Mm. Mm. Hmm. Yeah, we talked about kinetic charging, we've deci seem to have decided on that, did we decide on double A_ or triple A_ batteries?","No, one of the decisions we had to make was whether we had double A_ or triple A_ batteries 'cause they've still got to be charged this way haven't they?",Prototype/Evaluate,17,278,Speaker D
1122,"[designer]: Mm. So, do we take these off? | [facilitator]: Mm-hmm? Okay. Ooh. Hmm. How do we sta wa how do we start? | [facilitator]: Does anybody know? So that's this Oh okay, right. | [facilitator]: Uh.. Hmm. Okay, just hang on a second everybody. | [facilitator]: I haven't actually looked at this yet. um I haven't looked at it, but let's just start it off and we'll see what happens.",If you're all ready. So is the agenda?,Ideate,120,101,Speaker D
1123,"[facilitator]: If you're all ready. So is the agenda? | [facilitator]: Opening, acquaintance, tool training and project plan, discussion and then closing. | [facilitator]: Project aim is a new remote control. | [facilitator]: It's original, uh trendy and it's user-friendly. | [facilitator]: Project method, functional design, individual work, another meeting, conceptual design, individual work, and a meeting of details design, individual work and a meeting.","Tool training. Try out the whiteboard, every participant should draw their favourite animal and sum up their favourite characteristics of that animal.",Ideate,120,106,Speaker D
1124,"[facilitator]: Opening, acquaintance, tool training and project plan, discussion and then closing. | [facilitator]: Project aim is a new remote control. | [facilitator]: It's original, uh trendy and it's user-friendly. | [facilitator]: Project method, functional design, individual work, another meeting, conceptual design, individual work, and a meeting of details design, individual work and a meeting. | [facilitator]: Tool training. Try out the whiteboard, every participant should draw their favourite animal and sum up their favourite characteristics of that animal.","Um. Uh Miss Industrial Designer, would you like to go first?",Ideate,120,107,Speaker D
1126,"[facilitator]: Or put 'em in your pocket, yeah. | [facilitator]: Yeah, what's your favourite animal? | [facilitator]: Is it rude? That's a very good elephant. 'Kay, and you want to write up on there, it says you've gotta sum up your f f your favourite characteristics of that animal. | [facilitator]: Mm. Okay. Wonderful, well done. | [facilitator]: Do you want to use the wipe the m the wiper and wipe it off?",And Mister aesthetics designer do you wanna go next?,Ideate,120,114,Speaker D
1148,"[designer]: Mm. So, do we take these off? | [facilitator]: Mm-hmm? Okay. Ooh. Hmm. How do we sta wa how do we start? | [facilitator]: Does anybody know? So that's this Oh okay, right. | [facilitator]: Uh.. Hmm. Okay, just hang on a second everybody. | [facilitator]: I haven't actually looked at this yet. um I haven't looked at it, but let's just start it off and we'll see what happens.",If you're all ready. So is the agenda?,Ideate,125,101,Speaker D
1149,"[facilitator]: If you're all ready. So is the agenda? | [facilitator]: Opening, acquaintance, tool training and project plan, discussion and then closing. | [facilitator]: Project aim is a new remote control. | [facilitator]: It's original, uh trendy and it's user-friendly. | [facilitator]: Project method, functional design, individual work, another meeting, conceptual design, individual work, and a meeting of details design, individual work and a meeting.","Tool training. Try out the whiteboard, every participant should draw their favourite animal and sum up their favourite characteristics of that animal.",Ideate,125,106,Speaker D
1150,"[facilitator]: Opening, acquaintance, tool training and project plan, discussion and then closing. | [facilitator]: Project aim is a new remote control. | [facilitator]: It's original, uh trendy and it's user-friendly. | [facilitator]: Project method, functional design, individual work, another meeting, conceptual design, individual work, and a meeting of details design, individual work and a meeting. | [facilitator]: Tool training. Try out the whiteboard, every participant should draw their favourite animal and sum up their favourite characteristics of that animal.","Um. Uh Miss Industrial Designer, would you like to go first?",Ideate,125,107,Speaker D
1151,"[facilitator]: Project aim is a new remote control. | [facilitator]: It's original, uh trendy and it's user-friendly. | [facilitator]: Project method, functional design, individual work, another meeting, conceptual design, individual work, and a meeting of details design, individual work and a meeting. | [facilitator]: Tool training. Try out the whiteboard, every participant should draw their favourite animal and sum up their favourite characteristics of that animal. | [facilitator]: Um. Uh Miss Industrial Designer, would you like to go first?","Yeah, why don't you just c, I think just clip on clip do you have a belt?",Ideate,125,108,Speaker D
1152,"[facilitator]: Or put 'em in your pocket, yeah. | [facilitator]: Yeah, what's your favourite animal? | [facilitator]: Is it rude? That's a very good elephant. 'Kay, and you want to write up on there, it says you've gotta sum up your f f your favourite characteristics of that animal. | [facilitator]: Mm. Okay. Wonderful, well done. | [facilitator]: Do you want to use the wipe the m the wiper and wipe it off?",And Mister aesthetics designer do you wanna go next?,Ideate,125,114,Speaker D
1160,"[facilitator]: Uh Okay, so there's any questions or uh first of all about uh this project? | [facilitator]: Uh the goal of the project I think maybe I'll uh hand out to the Ed, okay, so to explain uh what is the project because he's in the sales and the accounting. | [facilitator]: Yes, so can you explain uh what exactly the product is? | [facilitator]: Oh I think uh, if I'm not wrong, we're making the remote control. | [facilitator]: Yes. Mm-hmm. Mm-hmm. Mm-hmm. Mm-hmm.","And uh what abo uh Christine, what about your uh the industrial design plan?",Ideate,33,71,Speaker D
1161,"[facilitator]: Uh the goal of the project I think maybe I'll uh hand out to the Ed, okay, so to explain uh what is the project because he's in the sales and the accounting. | [facilitator]: Yes, so can you explain uh what exactly the product is? | [facilitator]: Oh I think uh, if I'm not wrong, we're making the remote control. | [facilitator]: Yes. Mm-hmm. Mm-hmm. Mm-hmm. Mm-hmm. | [facilitator]: And uh what abo uh Christine, what about your uh the industrial design plan?",Are you have a design already on this product or uh you're still working on the design?,Ideate,33,72,Speaker D
1178,"[facilitator]: I mean if you can't control the the sound settings I mean if you dislike a very uh loud bass or something, you you need to change that. | [facilitator]: So um yeah we have to. | [facilitator]: We c we c Yeah I mean w we can't my my T_V_ has, but we we can leave them uh away. | [facilitator]: Uh most relevant, uh most used functions, uh they speak for themselves I guess. | [facilitator]: Uh power button, uh channel, volume selection.","Uh teletext but we can skip that because I saw the newsflash, and teletext is so outdated that it it's i should not be used uh any more in the future.",Ideate,87,397,Speaker D
1187,"[facilitator]: Mm. Okay but you have sound? | [facilitator]: Yeah just oh y you have digital uh better write it down over there yeah. | [facilitator]: So you have sound. Yeah. | [facilitator]: Uh yeah sound and then within sound I guess treble and bass? | [facilitator]: Yeah. Also. Pitch. Yeah. But pitch, isn't that yeah that's the the height of the tone.","Yeah okay, wh why would you use that?",Prototype/Evaluate,87,505,Speaker D
1211,"[facilitator]: Maybe we can have that. | [facilitator]: Whenever the T_V_ is on, remote controller will have a light. | [facilitator]: And then uh infrared bulbs. | [facilitator]: Um this is like uh when it is dark. | [facilitator]: And battery, there should be a battery for power supply, and a chip, chip which is like a brain to the remote controller which does all the operations, and wires connecting all chips, which is uh lights, everything, so there should be wires.","And uh uh of course there should be a case where we can keep all the things and, you know different shapes or whatever it is there should be a case to put to give a shape.",Prototype/Evaluate,124,253,Speaker D
1228,"[facilitator]: I'm also putting 'em them in the shared folder. | [facilitator]: So um then I we'll talk about our general objectives and have your three presentations. | [facilitator]: Um I'll talk about the new project requirements I've just received, and then we have to make a decision on our remote control functions. | [facilitator]: Finally we'll just close. We're starting this meeting at approximately twelve thirteen and we have forty minutes. | [facilitator]: So First of all the functional design objectives.","Uh we need to keep in mind the user requirement specification, what needs and desires are to be fulfilled, the functions design, what effects the apparatus should have, and the working design, how the apparatus actually works to fulfil its function.",Ideate,141,235,Speaker D
1247,"[facilitator]: Oh well, I'm gonna draw it on the board then. | [facilitator]: It's in blue uh, and I couldn't change it. | [facilitator]: We it's fine on my screen, but never mind. | [facilitator]: So um the idea is that we've got the energy source um, which in our case will pr, oh well okay, never mind. | [facilitator]: So um I think maybe uh two batteries, I dunno what they're called six, or something like that.","Uh and then um then on the uh remote control itself will have um the sender for the signal, which could be uh an infra-red signal, um which will be sent by an electronic chip.",Prototype/Evaluate,16,235,Speaker D
1307,"[facilitator]: Ah. Mm-hmm. Mm-hmm. Mm-hmm. I'm just thinking of some thing. | [facilitator]: Um We want to have a no, I don't know if this is a good idea. | [facilitator]: We want to have a a general remote control for everything. | [facilitator]: Okay. Yeah. Yeah. Yeah yeah. | [facilitator]: Yeah. No no. Finish tonight.","But basically yeah maybe I can continue with my presentation, it would be al you you but I think we have some technical problem or so.",Prototype/Evaluate,12,272,Speaker D
1354,"[facilitator]: Okay. Um, did you do your Hit Ah, there it is. | [facilitator]: Ta-da. Mm 'kay. 'Kay. Mm. | [facilitator]: It sounds like the the uh covers that they use for the remote, you know, your t your cell phone. | [facilitator]: Mm. Hmm. Uh-huh mm. In most families, don't isn't the remote is a remote. | [facilitator]: Mm. Mm. Well actually some households do have three and four T_V_s and they would have a remote for each one, so.",Hmm. Hmm. Are we talking about the device itself or the c or a cover for the device that would be an interchangeable cov cover as a separate product?,Prototype/Evaluate,122,248,Speaker D
1402,"[facilitator]: Sure. Alright. Right. The features could be same and the body could look slightly different. | [facilitator]: So Yeah. Yeah, uh maybe to as uh it it was indicated that uh uh risk uh of uh repeated use, the injuries, maybe a touch screen could be a better option for that. | [facilitator]: So, a bigger b okay so y you're dividing designs based on not only segment age groups, you're desi uh dividing it according to the countries also, the market. | [facilitator]: Maybe for U_S_ and all you can have a slightly bigger remote control and maybe in Japan and all you need to have a small, yeah. | [facilitator]: Mm-hmm. We could focus on the biggest market.",If say people between age group of twenty to thirty five are the biggest market?,Prototype/Evaluate,51,268,Speaker D
1444,"[designer]: Uh yeah yeah. Okay it's a friendly panther. | [designer]: Yeah maybe. Um. Actually, honestly I I I dunno what's what's his it's be behaviour, I dunno if if it's the male who who hunts or it's the female uh, I I I have watched that lions di didn't hunt it's the the female lions who who hunt, so but I like it because it's fast, and it's black as well, so it can he it can hide itself very easily and it's it's it looks like um powerful, strong, uh I dunno. | [designer]: I I watch a a film about a black panther when I was a child and I was in that age when everything was shocking me a lot. | [designer]: Okay. I like it. Yeah. | [facilitator]: Good morning. And I am Hemant, the industrial designer.",But don't you think it's very difficult to draw a panther?,Ideate,94,61,Speaker D
1446,"[facilitator]: Uh Okay, so there's any questions or uh first of all about uh this project? | [facilitator]: Uh the goal of the project I think maybe I'll uh hand out to the Ed, okay, so to explain uh what is the project because he's in the sales and the accounting. | [facilitator]: Yes, so can you explain uh what exactly the product is? | [facilitator]: Oh I think uh, if I'm not wrong, we're making the remote control. | [facilitator]: Yes. Mm-hmm. Mm-hmm. Mm-hmm. Mm-hmm.","And uh what abo uh Christine, what about your uh the industrial design plan?",Ideate,31,71,Speaker D
1447,"[facilitator]: Uh the goal of the project I think maybe I'll uh hand out to the Ed, okay, so to explain uh what is the project because he's in the sales and the accounting. | [facilitator]: Yes, so can you explain uh what exactly the product is? | [facilitator]: Oh I think uh, if I'm not wrong, we're making the remote control. | [facilitator]: Yes. Mm-hmm. Mm-hmm. Mm-hmm. Mm-hmm. | [facilitator]: And uh what abo uh Christine, what about your uh the industrial design plan?",Are you have a design already on this product or uh you're still working on the design?,Ideate,31,72,Speaker D
1500,"[designer]: Wha what was it again that I was supposed to look into? | [designer]: Con components, oh. | [facilitator]: All hooked up. Okay, so now we are here at the functional design meeting. | [facilitator]: Um hopefully this meeting I'll be doing a little bit less talking than I did last time 'cause this is when you get to show us what you've been doing individually. | [facilitator]: The agenda for the meeting, I put it in the sh shared documents folder.",I don't know if that meant that you could see it or not.,Ideate,28,219,Speaker D
1510,"[facilitator]: Yeah. Mm. Uh-huh. Uh-huh. So that if that was in the the voice recognition, that would be great. | [facilitator]: Yeah. Yeah. Watch Sky and yeah. | [facilitator]: Mm-hmm. But that's definitely a possibility. | [facilitator]: Yeah. So that you can yell at it, yeah. | [facilitator]: Yeah. Alright. Mm. Yeah. Yeah.","Yeah. Yeah. Mm-hmm. That's but then if you're buying the remote separately, but y you could have something, but i if it was something that you could like stick onto the T_V_ or something, some like a two p if you bought it in a two part pack, so one part attaches to the T_V_.",Prototype/Evaluate,28,293,Speaker D
1561,"[facilitator]: Okay, thank you Peter. So um I have to inform you I receive an email from the management bon board today and they have new requirements for the for the remote control. | [facilitator]: Um first um, they say that's uh about something about t teletext. | [facilitator]: Uh apparently it becomes from according to them it becomes out of date. | [facilitator]: Out-dated. And uh Because of the internet popularity and everybody has internet at home, and actually it's not useful to have teletext. | [facilitator]: Um. So I think we can avoid the teletext.","Um the second thing is uh they suggest that that we should uh use the remote control only for T_V_, not for D_V_D_ and other devices, because it make it it makes it's too complex and uh because we have not much time for this project we should stay on T_V_ on the only specific T_V_ remote control.",Prototype/Evaluate,123,256,Speaker D
1566,"[facilitator]: So um uh we should we should keep uh The the product should be recognisable. | [facilitator]: Uh, uh It's That mean we should use the colour of our company and maybe put somewhere the s the slogan of the company, which is uh, we put fashion of in electronics. | [facilitator]: So, when people see the the remote control, they should say oh it's from Real Reaction and he s they should recognise the company. | [facilitator]: So, um So now we we should take the decision what we are going to what function we will have on this uh on this remote control. | [facilitator]: So, mm, are we going to use L_C_D_, speech recognition?","Uh. Yeah. Maybe, maybe. Yeah but first maybe what is what are the usual function of a standard remote control?",Prototype/Evaluate,123,263,Speaker D
1568,"[facilitator]: Uh. Yeah. Maybe, maybe. Yeah but first maybe what is what are the usual function of a standard remote control? | [facilitator]: I mean what do Yeah. | [facilitator]: Yeah. I think we should stick on very useful functions, because we want less button. | [facilitator]: So, yeah. So, turning channel, of course. | [facilitator]: Volume setting. Yeah. I think it would be a b Yeah.","On the other side we have more and more channels, and if you want to pass through all the channels to get the channel you want, it's Maybe maybe we could think of something more betweens, like uh Yeah.",Prototype/Evaluate,123,268,Speaker D
1580,"[designer]: And you said the lowest. | [designer]: Yeah, for the batteries Mm-hmm. | [designer]: So more general remote control instead of just focusing on uh on T_V_. | [designer]: The complexity shouldn't be much higher. | [designer]: For you said if it good for D_V_D_ then I would Bye.",Okay. Good afternoon again. So we should have our final meeting about the detail designed of detail design of the product of the remote control.,Ideate,79,256,Speaker D
1581,"[designer]: For you said if it good for D_V_D_ then I would Bye. | [facilitator]: Okay. Good afternoon again. So we should have our final meeting about the detail designed of detail design of the product of the remote control. | [facilitator]: Um So here is the agenda for today. | [facilitator]: Uh uh just going to go quickly through the minutes of the last last uh meeting then we have a p presentation of prototype of you two, sounds interesting. | [facilitator]: And we'll have um presentation of evaluation crit criteria by ou our Marketing Experts.",Then we'll have to go through finance evaluation of the of the cost of the thing and um hopefully uh we should fit the target o tw of twelve point five uh uh Euro.,Ideate,79,260,Speaker D
1582,"[facilitator]: No L_C_D_, no speech recognition technology, okay, we went through a b to a banana look and feel for the remote control. | [facilitator]: We went through the use of wheels and but buttons. | [facilitator]: And also the use of a basis station for battery ch charging and uh also to um call the to call the mot mote remote control when it is lost. | [facilitator]: Okay. Um. Good. So guys let this uh wonderful thing. | [facilitator]: Oh yeah. Sorry. Um. Which is Yeah can you show it to the the camera maybe.",Mm-hmm. What's the use uh of the t turbo button already?,Ideate,79,268,Speaker D
1596,"[designer]: Um here are the individual actions, and especially notice that uh the Industrial Designer and the User Interface Designer are going to work together on a prototype drawing on a smart board, and of course to all four of us uh specific instructions will be emailed by our personal coach. | [designer]: Well I I'd say just wait uh for email and uh find out. | [designer]: I don't know. Okay well that was what I had to say, uh, final thoughts from anyone, or? | [designer]: We're finished. Okay, well thank you very much. | [facilitator]: W sure. Okay uh welcome you all.","Components design, um uh first of all uh I would like to uh uh accommodate some of those uh things I uh uh elaborate some of the things I did.",Ideate,63,319,Speaker D
1597,"[designer]: I don't know. Okay well that was what I had to say, uh, final thoughts from anyone, or? | [designer]: We're finished. Okay, well thank you very much. | [facilitator]: W sure. Okay uh welcome you all. | [facilitator]: Components design, um uh first of all uh I would like to uh uh accommodate some of those uh things I uh uh elaborate some of the things I did. | [facilitator]: I I elaborated on the concept.","What should be um uh said about uh the components, uh its properties and what kind of materials should we use to uh to make uh one of those r remote controls.",Prototype/Evaluate,63,321,Speaker D
1610,"[facilitator]: Uh I will take notes during this meeting so uh that you can uh look at my uh folder to see the summary of this meeting afterwards. | [facilitator]: So each of you will uh show us the various investigation they've done during uh previous uh hours. | [facilitator]: We'll then t take decision in concert and then uh uh we will uh define the nest next task, to have to be done before the next meeting. | [facilitator]: So, last time we decided to have a simple interface. | [facilitator]: We also decided to have a wheel to change channel previous channel button.",Channel digit uh buttons should be uh protected by plastic cover or something for the remote control to look very simple.,Ideate,112,145,Speaker D
1611,"[facilitator]: So the conceptual specification by Industrial Designer, the specification of the U_I_ by or U_I_ okay. | [facilitator]: And uh the last point is uh trend watching by Market Expert. | [facilitator]: So maybe we can start with uh industrial design. | [facilitator]: So this is the presentation. | [facilitator]: Maybe I can switch slide uh on your request.",Yeah. Yeah. Okay. Okay. But is it a significant price on the whole remote control?,Ideate,112,154,Speaker D
1612,[facilitator]: So maybe we can start with uh industrial design. | [facilitator]: So this is the presentation. | [facilitator]: Maybe I can switch slide uh on your request. | [facilitator]: Yeah. Yeah. Okay. Okay. But is it a significant price on the whole remote control? | [facilitator]: Because we can afford up to twelve Euros for the price of the remote control.,"So will will will this with uh including all possible things, so buttons, wheel and the chip, be uh lower than twelve Euros to produce?",Ideate,112,156,Speaker D
1613,"[facilitator]: So will will will this with uh including all possible things, so buttons, wheel and the chip, be uh lower than twelve Euros to produce? | [facilitator]: Okay You received something Hmm. | [facilitator]: And could it be adapted? | [facilitator]: Okay and there can uh recognize some commands and stuff? | [facilitator]: Okay. Yeah. Okay maybe we can just uh listen to this presentation and then take decision later on according to those news.",Okay. You can easily find the button in the dark or so?,Ideate,112,161,Speaker D
1614,[facilitator]: Okay You received something Hmm. | [facilitator]: And could it be adapted? | [facilitator]: Okay and there can uh recognize some commands and stuff? | [facilitator]: Okay. Yeah. Okay maybe we can just uh listen to this presentation and then take decision later on according to those news. | [facilitator]: Okay. You can easily find the button in the dark or so?,"It will be turned on when the when the user move the remote control I think, no?",Ideate,112,162,Speaker D
1615,"[facilitator]: Okay and there can uh recognize some commands and stuff? | [facilitator]: Okay. Yeah. Okay maybe we can just uh listen to this presentation and then take decision later on according to those news. | [facilitator]: Okay. You can easily find the button in the dark or so? | [facilitator]: It will be turned on when the when the user move the remote control I think, no? | [facilitator]: Hmm. Yeah. Yeah. Yeah. True.","But it can be uh battery consuming, no?",Ideate,112,164,Speaker D
1644,"[facilitator]: I don't know the shortcut, so Ah F_ five. | [facilitator]: Well our functional design meeting, that's the stage we're in. | [facilitator]: And you also ha all three of you have uh prepared something about it. | [facilitator]: Well um in we'll uh just have a look at the at the notes from the previous meeting, what we uh thought we had dec decided. | [facilitator]: But uh Uh then we'll uh look at uh the three uh presentations uh from you.",I think you have prepared uh all three uh?,Ideate,109,418,Speaker D
1652,"[facilitator]: Yeah. Mm-hmm. Yeah. Well It should actually uh It should actually be loose from the television, because it can also be used for other televisions. | [facilitator]: So if you deliver a small uh click-on device that you can put on your television, that bleeps to your remote control, everyone can use it. | [facilitator]: No you can click it on your television. | [facilitator]: Yeah in another room, yeah. | [facilitator]: Well yes. Yeah. Well we'll have a look at it, yeah.","Yep. Well there sh should always be a menu, but it c can be very short.",Prototype/Evaluate,109,470,Speaker D
1653,"[facilitator]: Well go ahead. Yip. F_ five. | [facilitator]: F_ five. Click. Yep. Yeah. | [facilitator]: So it is also why we have to have a button that says uh I'm now busy with a D_V_D_ uh if we had done that. | [facilitator]: And a button for T_V_. | [facilitator]: So Well but but if you have um the most used buttons all in one place, and you keep making the same um well moves.","But if y if you would put it at a different place, then you have to move your hands, and that's on of the things about R_S_I_.",Prototype/Evaluate,109,484,Speaker D
1694,"[facilitator]: I'm also putting 'em them in the shared folder. | [facilitator]: So um then I we'll talk about our general objectives and have your three presentations. | [facilitator]: Um I'll talk about the new project requirements I've just received, and then we have to make a decision on our remote control functions. | [facilitator]: Finally we'll just close. We're starting this meeting at approximately twelve thirteen and we have forty minutes. | [facilitator]: So First of all the functional design objectives.","Uh we need to keep in mind the user requirement specification, what needs and desires are to be fulfilled, the functions design, what effects the apparatus should have, and the working design, how the apparatus actually works to fulfil its function.",Ideate,136,235,Speaker D
1715,"[facilitator]: I don't know the shortcut, so Ah F_ five. | [facilitator]: Well our functional design meeting, that's the stage we're in. | [facilitator]: And you also ha all three of you have uh prepared something about it. | [facilitator]: Well um in we'll uh just have a look at the at the notes from the previous meeting, what we uh thought we had dec decided. | [facilitator]: But uh Uh then we'll uh look at uh the three uh presentations uh from you.",I think you have prepared uh all three uh?,Ideate,114,418,Speaker D
1790,"[facilitator]: Then there's a spe a second special form. | [facilitator]: Um Well you got you got twelve. | [facilitator]: So I think that should still be okay. | [facilitator]: Yeah, that's twelve point three, so we're still within budget on that. | [facilitator]: Um So decide we've lost a little bit on the fashion and lost a bit on the fancy kinda side of it, but generally speaking, we've kept the other attributes to the That's without Yeah.",And specially it definitely could fits the the real product What was the what's the company name?,Prototype/Evaluate,105,456,Speaker D
1859,"[facilitator]: Um generally, generally uh this remote control uh uh should be should be something, in my opinion, uh the first feature is just to be easy to use. | [facilitator]: So, the more frequent buttons should be larger, they should be placed in a good position uh uh inside the remote control. | [facilitator]: And uh s uh I can conclude like this, that we shouldn't need to learn how to use it. | [facilitator]: It should be we shouldn't need to es open a a t book and uh start reading and uh learning how to use this uh this uh remote control. | [facilitator]: Okay. So what I found out that uh as I said uh I think it's better to put uh more frequent uh uh uh ke uh buttons which are used more in the middle of the remote control, and they should be bigger in size.",Uh the shape of remote control should be in a way which can which should be taken easily in hand.,Prototype/Evaluate,39,249,Speaker D
1923,"[facilitator]: As for the um as for the single curve, um well this edge and this edge, like I say it would be nice to have some curvature to it, but it's not absolutely necessary. | [facilitator]: Really the curve that's most needed is the underside so that the jo so that the joystick rests over the the edge of the hand like this. | [facilitator]: Um and you have the uh transmitter here and a wee speaker for the uh for the uh for the uh fi uh for the remote control finder. | [facilitator]: So. Any further comments? Mm-hmm. | [facilitator]: Yeah. Yeah, I mean the uh Yeah.",Yeah. I mean with the with the rubber design it could i you know it could pretty much mould very much to the to the user's hand.,Prototype/Evaluate,84,339,Speaker D
1992,"[designer]: It's easy to use, I think that's one thing that um and I guess from the component point of view it's easy to build as well 'cause things are like fixed. | [facilitator]: Could you plug me in? | [facilitator]: Okay. Thanks. Okay. 'Kay. Okay. | [facilitator]: And the slogan, like the actual written slogan, or just to embody the idea of the slogan? 'Bout putting the fashion in electronics. | [facilitator]: Sure. Right. Mm-hmm. M yeah, like a lot of a lot of what I've um read and prepared for this meeting fits in really closely with what with what Craig's just gone over.",So in part I could I could give you some of my personal preferences but I could also th add some to this which is just about sort of um sort of market research.,Ideate,66,269,Speaker D
2013,"[designer]: Um maybe for the younger market. | [designer]: Um I think they've got their own controls in this kind of like hidden panel. | [designer]: Oh no, I mean um like there's kind of individual buttons for them, like on the T_V_ remote. | [designer]: But I don't really know what they're for, I've never used them. | [designer]: I just know they're something to do with Dolby.",Right uh. So um. So where's the PowerPoint presentation?,Ideate,23,243,Speaker D
2068,"[facilitator]: No Yes but Yeah, we don't know, but that's uh that's that's that's more market research. | [facilitator]: So let it be like this at uh at this moment. | [facilitator]: Okay? No, I think it's great. | [facilitator]: Comes to that later. Um you. | [facilitator]: Uh c You can uh Walter.",You can do the evaluation uh criteria on this?,Prototype/Evaluate,131,452,Speaker D
2100,"[facilitator]: Yeah. What what do you mean by fruit and vegetables and spongy? | [facilitator]: What you mean clothe No, I missed that one. | [facilitator]: Oh, they're okay so they're not like dressed as a carrot they just have like pictures of fruit on, okay. | [facilitator]: So we're not gonna have a remote control in the shape of of a banana, just maybe Okay and So which fruit are you thinking of? | [facilitator]: Oh, so you want the remote control to be the shape of a fruit, or you want just some kind of like fruit logo on the So something that looks half like a fruit and half like an elephant.","But okay, I'm not, I'm not really sure if uh that would really appeal to everyone though, maybe just to fashion gurus, like maybe just like a little bit n a little fruit picture somewhere in the corner, but I don't know about uh I dunno how ergonomic a, an orange is.",Prototype/Evaluate,100,255,Speaker D
2143,"[facilitator]: Um the method is we well I've analysed the user requirements and integrated them to the trends found in marketing reports and in our company strategy marketing. | [facilitator]: And um the findings were that we need it to look in a certain way, feel in a certain way, and this is everything's listed down. | [facilitator]: Um, look in a certain way, feel in a certain way, it has to be technologically innovative and it has to be easy to use. | [facilitator]: These are all things we looked at at the start, um and criteria that have to be met. | [facilitator]: We have to use a table, I'll show you that later, together to decide whether it meets the standards.",And we we have therefore in total um We have five we have eleven points according to which this should be evaluated.,Prototype/Evaluate,8,263,Speaker D
2168,"[facilitator]: And the thing about that is um the remote controls uh have to act as a T_V_ or uh a stereo or something, and those uh have a transmitter that's also focused on infrared, so if we want to uh build uh mm a remote control uh with Bluetooth for instance then uh the T_V_ should have Bluetooth too in order to communicate, so that would mean extra cost for the user and thus uh that's that wouldn't mean a a cheap uh remote control for us. | [facilitator]: So that's probably why most controls are still infrared. | [facilitator]: Furthermore they all have uh a a very simple structure, so that would probably uh mean lower costs and uh i that could mean for us a good thing uh 'cause uh well we we should be able to build a relatively cheap uh a cheap uh remote. | [facilitator]: Well uh as I mentioned ready, we have some Bluetooth Well it may be possible, but uh I figured it wouldn't be possible in within our budget, but that's not for me to decide, but that's maybe something for marketing to look into. | [facilitator]: F because uh well my personal opinion is uh is not to do uh Bluetooth or or radio waves, although Yeah, actually I have t Yeah.","Yeah, I actually I figured that would be that would be rather nice, but then you'd still have the uh the infrared function.",Prototype/Evaluate,11,251,Speaker D
2183,"[facilitator]: Thank you. Yeah, ma perhaps, just just an idea. | [facilitator]: Yeah. Uh yeah yeah, I'll go, sure. | [facilitator]: Right uh, I'll be uh explaining a bit about uh working design about uh the project. | [facilitator]: Well uh what I did was I dissected uh uh current remote controls and um I viewed how how they w looked, how they worked, uh what kind of components are involved, and how they are connected together. | [facilitator]: And uh after that I put up a scheme about how uh these things are organised and I'll show it to you in in a in a few seconds.",And I'll explain a bit about uh how it works and how we could uh build one and why I think several possibilities uh that we discussed in the earlier meeting falls off.,Prototype/Evaluate,11,244,Speaker D
2190,"[facilitator]: Or I press button but nothing's happening on the T_V_, so is is something wrong or something. | [facilitator]: So that's just to uh to to explain the of to to uh make it clearer to the user. | [facilitator]: Uh w well the signal goes via chip that's translated into uh electric sig uh electronic signals and then it's processed and then it's sent to the infrared bulb where it will be uh uh received on the receiving end. | [facilitator]: And those uh interpreted by the device, well in this case the television. | [facilitator]: Uh well my personal preferences here, well we have to keep it simple.","Not too many uh gadgets and functions, just like you said uh well the most users n uh you have a lot of buttons and you u u use you don't use them, so why why should we invent uh w spend more time on those.",Prototype/Evaluate,11,268,Speaker D
2211,"[facilitator]: Right. Hmm. Yeah. Great. Okay. | [facilitator]: Okay. And did you determine um the curvature of the bottom part of it for the hand, is it gonna be a single or a double? | [facilitator]: Single. Single sounds good, 'cause it's not big enough to really constitute a double. | [facilitator]: Great. Great. I think you did an awesome job. | [facilitator]: It is beautiful, and it's everything that we discussed.",Good job. Alright what's next in our agenda?,Ideate,27,172,Speaker D
2219,"[facilitator]: For something that looks cool and also has what I want it to b do technologically. | [facilitator]: And that's your right brain taking over, w wanting the artistic, the fashionable, the hip, you know. | [facilitator]: If we all just went out and bought useful things, I don't think I mean that's not what technology. | [facilitator]: Mm. Yeah. Yeah. Just the Mac font bothers me even. | [facilitator]: But I do like iPods, go figure.","Yeah. Mm-hmm. Colours. Exactly. I mean how many people went out and bough a Nokia phone, back when we were like in high school, just so they could get the changeable face plates.",Prototype/Evaluate,27,247,Speaker D
2350,"[facilitator]: Yeah, it's okay. Okay. That's not It was not a good idea. | [facilitator]: Okay. No. No. But you do mention the next and previous uh button. | [facilitator]: Oh, okay, o okay okay. | [facilitator]: Huh. Mm-hmm. Well, w when we only use basic functions, we have the possibility to make the buttons larger. | [facilitator]: Well, I think we already agreed upon the fact that the the the skip buttons and the cha and the volume buttons, th th those two have yeah, they have to be large.","Uh, I mean th th the the two two basic buttons, you know, the to skip channels and to uh I think yeah, I don't know why, but I think that is that's t trendy too, because that's the mo it it you know, it's uh acc acc um accentu uh, how do you say it?",Ideate,14,328,Speaker D
2366,"[facilitator]: Th in that way we have like only the numbers, the power button, skip and volume, and then uh uh ten uh rem uh yeah, mute. | [facilitator]: A teletext and a menu, and then then i that's it. | [facilitator]: It's all we need. Okay, uh another stuf some stuff about the the the design of the docking station. | [facilitator]: Something important about a s uh, no, uh which sh uh should remind us of the remote itself, I guess. | [facilitator]: Uh, in one colour. Just use I think the spongy thing already um comes forward in the in the in the cushions, pads and things on the s uh side.","And we will make it spongy and and uh and uh well, the fruity thing is just the shape should be fru i did I think this is kind of fruity, you know.",Prototype/Evaluate,14,460,Speaker D
2368,"[facilitator]: Yeah, it's okay. Okay. That's not It was not a good idea. | [facilitator]: Okay. No. No. But you do mention the next and previous uh button. | [facilitator]: Oh, okay, o okay okay. | [facilitator]: Huh. Mm-hmm. Well, w when we only use basic functions, we have the possibility to make the buttons larger. | [facilitator]: Well, I think we already agreed upon the fact that the the the skip buttons and the cha and the volume buttons, th th those two have yeah, they have to be large.","Uh, I mean th th the the two two basic buttons, you know, the to skip channels and to uh I think yeah, I don't know why, but I think that is that's t trendy too, because that's the mo it it you know, it's uh acc acc um accentu uh, how do you say it?",Ideate,14,328,Speaker D
2382,"[facilitator]: Is that the idea? Is that a good idea? | [facilitator]: How many colours are we how many colours are we gonna we're uh uh f uh f Only five minutes left, by the way. | [facilitator]: How many colours are we gonna give it? | [facilitator]: Like two-tone colour? T I think maybe the case itself should be in one colour and then the rubber of the buttons, and the cushions as well should be in another colour. | [facilitator]: Okay, but not more than Well, yeah, it's No.",Maybe we should talk about it on a l in a later meeting.,Prototype/Evaluate,14,442,Speaker D
2420,"[designer]: Um here are the individual actions, and especially notice that uh the Industrial Designer and the User Interface Designer are going to work together on a prototype drawing on a smart board, and of course to all four of us uh specific instructions will be emailed by our personal coach. | [designer]: Well I I'd say just wait uh for email and uh find out. | [designer]: I don't know. Okay well that was what I had to say, uh, final thoughts from anyone, or? | [designer]: We're finished. Okay, well thank you very much. | [facilitator]: W sure. Okay uh welcome you all.","Components design, um uh first of all uh I would like to uh uh accommodate some of those uh things I uh uh elaborate some of the things I did.",Ideate,59,319,Speaker D
2446,"[facilitator]: Mm-hmm. Yeah. Mm-hmm mm-hmm. And what is the second movie? | [facilitator]: Yeah, Sixth Sen Mm-hmm. Mm-hmm. | [facilitator]: Mm-hmm. Okay, now you can go to to my slides, but actually what I pre what I have prepared is just a kind of a review of fo uh se six or seven movies, if you ca can go to the second slide. | [facilitator]: Yes, basically seven movies, and it's uh it's uh uh top movies uh based on the uh on the ra ranking and a and awards awards. | [facilitator]: Um you see the the names of the movies on the on the on the wall.","So um we can perhaps go through all of them and we can little bit discuss, so I I I have n I didn't see all of them actually, so it's just we should probably select one of these, because I think uh these are really good movies and uh, okay, we will see.",Prototype/Evaluate,47,496,Speaker D
2467,"[facilitator]: All set? Cool. Alright, it is PowerPoint time. | [facilitator]: I've done more PowerPoints in this particular experiment than I've ever done in my life before this experiment which is kind of fun. | [facilitator]: So uh here we have our detailed design meeting where we will um look at the prototype and um right so um, I finally figured out what this whole second bullet point is about in my that my coach was sending to me. | [facilitator]: It means I'm supposed to read the minutes from the previous meeting. | [facilitator]: I think. I don't know.","Otherwise it's just saying I'm the secretary and I'm therefore I'm taking the minutes, s so just to go um just real briefly to go over minutes from last meeting, uh, I will open them slowly, no?",Ideate,89,262,Speaker D
2486,"[facilitator]: Remote control is nothing special nowadays. | [facilitator]: Um I don't think so, because of the all the televisions uh there are a few maybe a couple of televisions with the new functions, but is it useful to put them on a on a standard uh remote? | [facilitator]: No. But you can put them under the same button. | [facilitator]: But you can put a play and stop and and rewind. | [facilitator]: Yes, but we Huh. Yes, but there are there are But how wi how will you be able to handle a whole market?","There are uh a dozen of uh dozens of of remote controls that have Yes, but you could put on the z on the zap buttons you can put it to uh to uh access all the same pages.",Prototype/Evaluate,89,443,Speaker D
2518,"[facilitator]: We haven't done any tests on face plates and whether See if there if there's even interest out there. | [facilitator]: Off the top of my head it sounds kind of like a gimmick that wouldn't really go anywhere. | [facilitator]: Yeah. Can we afford to include one of those? | [facilitator]: Right. Okay. Since we're doing uh touch screen, do we wanna look into the possibility of people being able to input different types of skins for the you know the actual interface part of it and things like that? | [facilitator]: Or is it just gonna be one touch screen for everybody.","What what would be on that touch screen? 'Cause you said earlier that we have to think about company colours and um logo or something or motto, I can't remember exactly what you said. 'S too much.",Prototype/Evaluate,49,202,Speaker D
2530,"[designer]: Um maybe for the younger market. | [designer]: Um I think they've got their own controls in this kind of like hidden panel. | [designer]: Oh no, I mean um like there's kind of individual buttons for them, like on the T_V_ remote. | [designer]: But I don't really know what they're for, I've never used them. | [designer]: I just know they're something to do with Dolby.",Right uh. So um. So where's the PowerPoint presentation?,Ideate,21,243,Speaker D
2545,"[facilitator]: Um there's a wee bit of discussion about the other existing ones there, um so I've taken the um suggestions from them and tried to incorporate them into this um So then this we're looking for um suggestions on size th um size of control and the buttons, um the shape of the control, and whereabout the buttons should be located on the control. | [facilitator]: Um what I found from the research is that most the current controls are just basically big bricks with loads of buttons all over them. | [facilitator]: Um they're not very attractive to look at, and they're not very comfortable to hold, they're I just hold 'em like big bricks, and they're very easily lost. | [facilitator]: Um they tend to be very dark colours, so if there are shadowy places down the side of couches you can't really see them. | [facilitator]: Um the the controls themselves tend to use a very inconsistent colour scheme.","Um for instance, the stand-by button isn't always red, uh it really should be.",Prototype/Evaluate,21,357,Speaker D
2561,"[facilitator]: Uh I will take notes during this meeting so uh that you can uh look at my uh folder to see the summary of this meeting afterwards. | [facilitator]: So each of you will uh show us the various investigation they've done during uh previous uh hours. | [facilitator]: We'll then t take decision in concert and then uh uh we will uh define the nest next task, to have to be done before the next meeting. | [facilitator]: So, last time we decided to have a simple interface. | [facilitator]: We also decided to have a wheel to change channel previous channel button.",Channel digit uh buttons should be uh protected by plastic cover or something for the remote control to look very simple.,Ideate,107,145,Speaker D
2562,"[facilitator]: So the conceptual specification by Industrial Designer, the specification of the U_I_ by or U_I_ okay. | [facilitator]: And uh the last point is uh trend watching by Market Expert. | [facilitator]: So maybe we can start with uh industrial design. | [facilitator]: So this is the presentation. | [facilitator]: Maybe I can switch slide uh on your request.",Yeah. Yeah. Okay. Okay. But is it a significant price on the whole remote control?,Ideate,107,154,Speaker D
2563,[facilitator]: So maybe we can start with uh industrial design. | [facilitator]: So this is the presentation. | [facilitator]: Maybe I can switch slide uh on your request. | [facilitator]: Yeah. Yeah. Okay. Okay. But is it a significant price on the whole remote control? | [facilitator]: Because we can afford up to twelve Euros for the price of the remote control.,"So will will will this with uh including all possible things, so buttons, wheel and the chip, be uh lower than twelve Euros to produce?",Ideate,107,156,Speaker D
2564,"[facilitator]: So will will will this with uh including all possible things, so buttons, wheel and the chip, be uh lower than twelve Euros to produce? | [facilitator]: Okay You received something Hmm. | [facilitator]: And could it be adapted? | [facilitator]: Okay and there can uh recognize some commands and stuff? | [facilitator]: Okay. Yeah. Okay maybe we can just uh listen to this presentation and then take decision later on according to those news.",Okay. You can easily find the button in the dark or so?,Ideate,107,161,Speaker D
2565,[facilitator]: Okay You received something Hmm. | [facilitator]: And could it be adapted? | [facilitator]: Okay and there can uh recognize some commands and stuff? | [facilitator]: Okay. Yeah. Okay maybe we can just uh listen to this presentation and then take decision later on according to those news. | [facilitator]: Okay. You can easily find the button in the dark or so?,"It will be turned on when the when the user move the remote control I think, no?",Ideate,107,162,Speaker D
2566,"[facilitator]: Okay and there can uh recognize some commands and stuff? | [facilitator]: Okay. Yeah. Okay maybe we can just uh listen to this presentation and then take decision later on according to those news. | [facilitator]: Okay. You can easily find the button in the dark or so? | [facilitator]: It will be turned on when the when the user move the remote control I think, no? | [facilitator]: Hmm. Yeah. Yeah. Yeah. True.","But it can be uh battery consuming, no?",Ideate,107,164,Speaker D
2574,"[facilitator]: Um actually I think Agnes did this nice drawing so she even put the the view, so we have the old town on one side, and the mountains on the other two sides. | [facilitator]: Uh we have some bathrooms for us. | [facilitator]: Uh and a courtyard which actually means a sort of uh shaft, because uh the court is uh down at uh the first floor. | [facilitator]: Well, it's a bit difficult to say, because um in fact we have some constraints in terms of furniture. | [facilitator]: Uh they are here. So um well, your your person Your your question actually is answered maybe by the third item.","So each person should get um, well, it's a sort of desk, it's made of two pieces and it looks like a corner.",Ideate,107,231,Speaker D
2575,"[facilitator]: So each person should get um, well, it's a sort of desk, it's made of two pieces and it looks like a corner. | [facilitator]: With, of course, a chair. | [facilitator]: Uh a filing cabinet that goes under the desk uh and, well, we can put hanging shelves over the the desks. | [facilitator]: So I'm not really sure it's possible to get three um three desks in a two person office. | [facilitator]: But um we could try.","What's What should be said here, I don't know if, well, you I I will maybe distribute now documents if you don't have them.",Ideate,107,236,Speaker D
2576,"[facilitator]: With, of course, a chair. | [facilitator]: Uh a filing cabinet that goes under the desk uh and, well, we can put hanging shelves over the the desks. | [facilitator]: So I'm not really sure it's possible to get three um three desks in a two person office. | [facilitator]: But um we could try. | [facilitator]: What's What should be said here, I don't know if, well, you I I will maybe distribute now documents if you don't have them.","Maybe it's easier. Do you need something, Martin?",Ideate,107,237,Speaker D
2577,"[facilitator]: Uh so it's it's Yeah, you have a copy, Susan. | [facilitator]: You too David, I think. | [facilitator]: So in fact there are more places than people, so we won't be that constrained. | [facilitator]: Uh as you know some of us and some of you here actually, Martin and David are part-time. | [facilitator]: So it it's for the moment quite comfortable.","Normally we should even get an extra uh an extra place for, you know, temporary people coming to work on uh on projects.",Ideate,107,244,Speaker D
2578,"[facilitator]: So in fact there are more places than people, so we won't be that constrained. | [facilitator]: Uh as you know some of us and some of you here actually, Martin and David are part-time. | [facilitator]: So it it's for the moment quite comfortable. | [facilitator]: Normally we should even get an extra uh an extra place for, you know, temporary people coming to work on uh on projects. | [facilitator]: Uh yeah, I uh yeah, I counted so we have um fifteen pers physical persons and about uh sixteen, I think, uh persons oh, actually, eighteen persons in the offices.","Exactly, it so one of the issues uh here, it's probably not on the slides, is that we would like to have uh, unlike what had until now, a lounge or reading room uh in one of the the offices.",Ideate,107,246,Speaker D
2579,"[facilitator]: Normally we should even get an extra uh an extra place for, you know, temporary people coming to work on uh on projects. | [facilitator]: Uh yeah, I uh yeah, I counted so we have um fifteen pers physical persons and about uh sixteen, I think, uh persons oh, actually, eighteen persons in the offices. | [facilitator]: Exactly, it so one of the issues uh here, it's probably not on the slides, is that we would like to have uh, unlike what had until now, a lounge or reading room uh in one of the the offices. | [facilitator]: So in one of the rooms. | [facilitator]: Um, I think quite a lot of people e expressed the need for that.","So if we could do it, then I think it would be much nicer.",Ideate,107,249,Speaker D
2580,"[facilitator]: So the idea is that today we'll just try to f start seeing the main constraints and then you have time to to go and think about it uh ask the people you know, your assistants, for instance, and at the next meeting we'll try to to come with one solution. | [facilitator]: Uh, the other group will also propose a solution and then there will be another negotiation. | [facilitator]: So w Uh if i if we don't get these? | [facilitator]: Um, well basically they are promised to us so uh Do do you think there are chances that they take from us one of the rooms or uh Yeah, I I I think it's uh Uh, yeah. | [facilitator]: Yeah i yeah, that's one of the the problems.","I think maybe we should take this into account and maybe think of some of the bigger rooms with four people, one being temporary or or part-time.",Ideate,107,269,Speaker D
2581,"[facilitator]: Uh, the other group will also propose a solution and then there will be another negotiation. | [facilitator]: So w Uh if i if we don't get these? | [facilitator]: Um, well basically they are promised to us so uh Do do you think there are chances that they take from us one of the rooms or uh Yeah, I I I think it's uh Uh, yeah. | [facilitator]: Yeah i yeah, that's one of the the problems. | [facilitator]: I think maybe we should take this into account and maybe think of some of the bigger rooms with four people, one being temporary or or part-time.","Um okay, so maybe we could try to to see now what would be the main options.",Ideate,107,270,Speaker D
2647,"[facilitator]: No. Twelve point five. Well done, people. | [facilitator]: So is that uh got us covered for the electronics then? | [facilitator]: We don't need something else to take that place? | [facilitator]: Okay. Okay. Right, so we've done that. | [facilitator]: Okay. Product evaluation. We've done room for creativity, haven't we?",Because we've got decisions that we would have made that we weren't didn't feel able to make.,Prototype/Evaluate,108,399,Speaker D
2657,"[facilitator]: It certainly is an expensive material, I'm aware of that, but I was given an okay. | [facilitator]: But there are certain restrictions to certain materials. | [facilitator]: Now let's first go through the list with the materials. | [facilitator]: So we what we can use is plastic, rubber, wood and titanium. | [facilitator]: Can also mix these. Um as for the energy source, um we were talking about that shortly in the other meeting.","Um what we could use is, or what I was offered, or what we could use, is a basic bateer battery.",Prototype/Evaluate,108,250,Speaker D
2658,[facilitator]: Um we could use solar cells. | [facilitator]: Or a device that was not n not further specified that provides kinetic energy. | [facilitator]: Such as like watches you know. | [facilitator]: Where you just move them m move the the actual device and this pr uh provides it with with uh some energy. | [facilitator]: So um obviously I personally have to say that dynamo is out of the question really.,You don't wanna wind up your remote control before you can use it right?,Prototype/Evaluate,108,257,Speaker D
2684,"[facilitator]: With menus, yeah, yeah. Yeah. | [facilitator]: Mm-hmm. Mm-hmm. Can he programme his remote control or is it basic with that too? | [facilitator]: Right. Right. So that's a problem regardless of of any design modifications you you come up with, that's gonna be a problem anyway with the older generation perhaps, and that's another issue how we tackle that. | [facilitator]: Mm-hmm. Right. Mm-hmm. Is it possible that that for the older generation you could have like an extra button that you press for large print like you do in large print books? | [facilitator]: Obviously it displays less on the screen, it displays less on the screen but as long as they can read it that's the main thing.","Mm-hmm. Yeah. Mm-hmm. Mm. The other thing is, just ch chucking into mobile phone f design features again, it could have a flip top remote control so that when you flip over the top, your screen is you can have a bigger screen in the the flip over.",Prototype/Evaluate,48,144,Speaker D
