context_id,human_response,session_phase,context_text,prompt_included_phase,seed,llm_t03,llm_t03_valid,llm_t07,llm_t07_valid,llm_t10,llm_t10_valid
0,I don't know if that meant that you could see it or not.,Ideate,"[designer]: Wha what was it again that I was supposed to look into? | [designer]: Con components, oh. | [facilitator]: All hooked up. Okay, so now we are here at the functional design meeting. | [facilitator]: Um hopefully this meeting I'll be doing a little bit less talking than I did last time 'cause this is when you get to show us what you've been doing individually. | [facilitator]: The agenda for the meeting, I put it in the sh shared documents folder.",False,42,"Before we dive into the individual work, can you each take a minute to quickly share one thing you're excited or curious about in the project right now?",True,"Let's pause for a moment and acknowledge that we're moving into a new phase of the project where we're sharing individual work - what are you hoping to get out of this meeting, and what do you want to make sure the others understand from your components?",True,"Before we dive into each of your individual work, let's take a step back and make sure we're all on the same page: what is the top challenge or assumption we're trying to address in this functional design?",True
41,I just put it in the in the shared folder so it should be yeah I think so.,Ideate,[designer]: Yeah. It's called uh the Real Remote. | [designer]: With a copyright sign after Real. | [designer]: So maybe you can include that somewhere. | [designer]: Yeah. I don't see any power cables here so 'Kay. | [facilitator]: . Just kidding. So annoying.,False,42,"Let's pause for a moment and acknowledge that we're all getting excited about the idea, but before we dive deeper, can we clarify what problem the Real Remote is trying to solve?",True,Let's park the discussion about the copyright symbol for now and focus on the overall design concept – what are we trying to solve or improve with the Real Remote?,True,"Let's refocus on the concept, rather than the details of a physical prototype. What are the key benefits and functionalities of this ""Real Remote"" that we want to prioritize?",True
42,"Yeah, conceptual design. What or whatever does it No no no, can you go back one?",Ideate,[designer]: With a copyright sign after Real. | [designer]: So maybe you can include that somewhere. | [designer]: Yeah. I don't see any power cables here so 'Kay. | [facilitator]: . Just kidding. So annoying. | [facilitator]: I just put it in the in the shared folder so it should be yeah I think so.,False,42,"Let's pause on the idea of including a copyright sign after ""Real."" What are we trying to achieve by including that, and how might it impact our users' experience?",True,Let's pause on the conversation about the copyright sign and power cables for a moment. How do these details relate to the overall goal of designing a product that meets our users' needs?,True,Let's shift the focus back to the design concept rather than the logistical aspect - what are we trying to communicate with this image of a device?,True
47,"But I really think that we should maybe uh think about the kinetic energy, where you have to move the thing to be able to use it.",Prototype/Evaluate,"[facilitator]: So that's not really interesting. | [facilitator]: Electronics? Yeah, maybe we wanna decide on what electronics to use the advanced chip I think is easiest to implement uh for the production, 'cause they they can print it better. | [facilitator]: Um Yeah. I think this is about it. | [facilitator]: Yeah I was working on some per personal preferences. | [facilitator]: I first uh chose for the battery, 'cause yeah I'm traditional and that's the most obvious, easiest choice to go to.",False,42,"Let's pause on the idea of ""traditional"" and ""obvious"" choices - what if we were to challenge ourselves to consider a completely unconventional battery solution, one that might not be the easiest or most obvious choice, but could potentially lead to a more innovative product?",True,"Let's pause for a moment - what if the ""most obvious"" choice isn't necessarily the best one for this product? What might we be missing by sticking with traditional battery options?",True,"Let's pause on the idea of going with a traditional battery. What are some less obvious, unconventional battery options that could challenge our assumptions about what's ""easiest"" and potentially unlock new possibilities?",True
59,Yeah of course. Yeah then w then you would have to to make it like this.,Prototype/Evaluate,"[facilitator]: That actually will offer some extra protection for the Yeah. | [facilitator]: Yeah I was thinking, if if you have your hand, it this is your th Okay. | [facilitator]: If this is your thumb, and this is your hand like that. | [facilitator]: With your uh wrist. That you, that it would be kind of shape like this, you know. | [facilitator]: So it's easier to hold in your hand, to y f Uh yeah.",False,42,"Let's take a step back and explore the assumption that this design needs to be held in one's hand. What if we were to consider a scenario where the user doesn't necessarily need to hold it, but rather has it nearby or attached to something else?",True,"Can you draw or describe what that shape looks like, and how it fits in your hand, rather than just with your hand?",True,"Let's take a step back and focus on the user's experience with this product - can you describe a moment when you were excited to use this product and had a great experience with it, and what made that moment so special?",True
75,Uh it was discussed in the last meeting uh which was opened by the presentation from the interface um designer that uh looks would be very important on this new remote and um it is to send messages of course to the T_V_.,Ideate,"[designer]: Watch I I have my cord behind you here. | [designer]: Okay. But we we were told we could end the final meeting at any time, whenever we felt we were finished. | [designer]: It'll take me the rest of the time to get my microphone out from my necklace. | [designer]: Oh, there we go. | [facilitator]: Well hi everyone again. Um like before we uh I have to redo the meetings from n th the minutes from the last meeting and so here we go.",False,42,Let's pause the meeting for a moment and acknowledge that we've had a bit of a technical hiccup. Can we take a collective deep breath and start fresh together?,True,"Before we dive back in, can we take a moment to acknowledge what we were working on and what we were excited about before our last meeting got cut off, and see if we can pick up where we left off?",True,"Before we dive back into discussion, can we take a moment to acknowledge the tension that's come up and what might be driving it? Is it about feeling rushed or uncertain about our process?",True
76,"It should have nine channel buttons, a next button, volume buttons, subtitle buttons, switch to control features, colour contrast, sharpness etcetera.",Ideate,"[designer]: Okay. But we we were told we could end the final meeting at any time, whenever we felt we were finished. | [designer]: It'll take me the rest of the time to get my microphone out from my necklace. | [designer]: Oh, there we go. | [facilitator]: Well hi everyone again. Um like before we uh I have to redo the meetings from n th the minutes from the last meeting and so here we go. | [facilitator]: Uh it was discussed in the last meeting uh which was opened by the presentation from the interface um designer that uh looks would be very important on this new remote and um it is to send messages of course to the T_V_.",False,42,"Let's pause for a moment and acknowledge that we're starting fresh today. Before we dive back into the discussion, can you each take a deep breath and remind yourselves of what you're hoping to achieve in this meeting?",True,"Let's pause for a moment and explore what's being said, rather than focusing on the formalities. Can you help me understand what's meant by ""looks will be very important"" in this product?",True,"Let's pause for a moment. Before we dive into the agenda, can someone summarize what we're trying to achieve with this product, and what's driving our focus on remote control features?",True
77,"It should have a memory switch, a mute button in case the telephone rings or something.",Ideate,"[designer]: It'll take me the rest of the time to get my microphone out from my necklace. | [designer]: Oh, there we go. | [facilitator]: Well hi everyone again. Um like before we uh I have to redo the meetings from n th the minutes from the last meeting and so here we go. | [facilitator]: Uh it was discussed in the last meeting uh which was opened by the presentation from the interface um designer that uh looks would be very important on this new remote and um it is to send messages of course to the T_V_. | [facilitator]: It should have nine channel buttons, a next button, volume buttons, subtitle buttons, switch to control features, colour contrast, sharpness etcetera.",False,42,Let's pause for a moment and clarify the goal of these meeting minutes - are we trying to capture every detail from the previous discussion or focus on the key decisions and next steps for the project?,True,"Let's take a step back and imagine we're not designing a remote control, but a magic wand that could change the way people interact with their TVs. What would be the most surprising and innovative features that would make our wand stand out?",True,"Let's take a step back, what are we really trying to create here - a remote control that helps people with a specific type of necklace, or a versatile remote that anyone can use?",True
78,Uh speech recognition is one of her very f favourite personal uh features she would like see d d to be integrated in this um in this new remote.,Ideate,"[designer]: Oh, there we go. | [facilitator]: Well hi everyone again. Um like before we uh I have to redo the meetings from n th the minutes from the last meeting and so here we go. | [facilitator]: Uh it was discussed in the last meeting uh which was opened by the presentation from the interface um designer that uh looks would be very important on this new remote and um it is to send messages of course to the T_V_. | [facilitator]: It should have nine channel buttons, a next button, volume buttons, subtitle buttons, switch to control features, colour contrast, sharpness etcetera. | [facilitator]: It should have a memory switch, a mute button in case the telephone rings or something.",False,42,"Let's take a step back and explore what we're trying to achieve with this remote control. What are the top three things that need to happen when someone uses this remote, and how does it need to make their life easier?",True,Let's pause for a moment on the idea of having a memory switch. What if we didn't need a memory switch at all? How would that change the way users interact with the remote?,True,"Let's clarify what we mean by ""important features"" - what are the core needs that we're trying to satisfy with this new remote, and how do these features help us meet those needs?",True
79,"Um. Should be child friendly design with few buttons, colourful maybe with s star shaped or other shaped buttons.",Ideate,"[facilitator]: Well hi everyone again. Um like before we uh I have to redo the meetings from n th the minutes from the last meeting and so here we go. | [facilitator]: Uh it was discussed in the last meeting uh which was opened by the presentation from the interface um designer that uh looks would be very important on this new remote and um it is to send messages of course to the T_V_. | [facilitator]: It should have nine channel buttons, a next button, volume buttons, subtitle buttons, switch to control features, colour contrast, sharpness etcetera. | [facilitator]: It should have a memory switch, a mute button in case the telephone rings or something. | [facilitator]: Uh speech recognition is one of her very f favourite personal uh features she would like see d d to be integrated in this um in this new remote.",False,42,Let's take a step back and imagine we're holding this new remote in our hands for the first time. What's the very first thing that comes to mind when you think about how it should feel or behave?,True,"Let's clarify what we mean by ""looks"" - is it the visual aesthetic of the remote itself, or the visual feedback on the screen when interacting with the remote?",True,"Let's pause for a moment, before diving into the meeting notes, and clarify the goal we're trying to achieve with this new remote control: what specific problem or pain point are we trying to solve for our users?",True
80,"Um that's right. But uh her very f personal favourite really she, she would very much like to see a speech recogniser integrated in this remote.",Ideate,"[facilitator]: It should have nine channel buttons, a next button, volume buttons, subtitle buttons, switch to control features, colour contrast, sharpness etcetera. | [facilitator]: It should have a memory switch, a mute button in case the telephone rings or something. | [facilitator]: Uh speech recognition is one of her very f favourite personal uh features she would like see d d to be integrated in this um in this new remote. | [facilitator]: Um. Should be child friendly design with few buttons, colourful maybe with s star shaped or other shaped buttons. | [facilitator]: Um she uh presented also an oversized remote which she guarantees nobody will ever be able to lose.",False,42,Let's take a step back and imagine we're holding this oversized remote in our hands - what would be the most surprising or delightful thing about its size and design that would make us want to use it?,True,"Let's set the ""perfect remote"" aside for now and imagine we're using the current TV remote, which is often misplaced or hard to use - what are the most frustrating or annoying experiences people have with it?",True,"Let's zoom in on the idea of an oversized remote. What if this ""can't be lost"" aspect isn't just about size, but also about how we design the device to be used in different environments, like a beach or a park?",True
81,"She would like a special case made out of plastic that is very strong, not using any harmful materials, should be recyclable and should be colourful.",Ideate,"[facilitator]: Uh speech recognition is one of her very f favourite personal uh features she would like see d d to be integrated in this um in this new remote. | [facilitator]: Um. Should be child friendly design with few buttons, colourful maybe with s star shaped or other shaped buttons. | [facilitator]: Um she uh presented also an oversized remote which she guarantees nobody will ever be able to lose. | [facilitator]: Um that's right. But uh her very f personal favourite really she, she would very much like to see a speech recogniser integrated in this remote. | [facilitator]: The industrial designer um presented her uh thoughts on the issue.",False,42,"Let's take a step back and explore what we mean by ""speech recognition"" in this context. Is it about being able to control the remote with voice commands, or is it more about having a voice assistant built into the remote that can do things like play music or answer questions?",True,"What if the speech recognition feature wasn't just about convenience, but actually had the potential to fundamentally change how users interact with the remote, and what implications would that have on the design?",True,"Let's take a step back, what if we're not trying to design a speech recognition feature per se, but rather a way to control this device with the least amount of cognitive load, could we be thinking about control methods in a broader sense?",True
82,Should have an integrated circuit board that's highly sophisticated and temperature resistant.,Ideate,"[facilitator]: Um. Should be child friendly design with few buttons, colourful maybe with s star shaped or other shaped buttons. | [facilitator]: Um she uh presented also an oversized remote which she guarantees nobody will ever be able to lose. | [facilitator]: Um that's right. But uh her very f personal favourite really she, she would very much like to see a speech recogniser integrated in this remote. | [facilitator]: The industrial designer um presented her uh thoughts on the issue. | [facilitator]: She would like a special case made out of plastic that is very strong, not using any harmful materials, should be recyclable and should be colourful.",False,42,"Let's take a step back and explore what we're trying to achieve with this design. What if, instead of focusing on a specific set of features like colorful buttons or a speech recognizer, we start by imagining the kind of experience we want users to have when interacting with this product?",True,"Let's step back for a moment: what are we designing for - the experience of a child, or the needs of a parent trying to manage a child's media consumption?",True,"Let's step back for a moment – if we had to narrow down the most important features from everything that's been said so far, what would be the top three things we'd want a child-friendly, button-friendly, oversized, colourful, recyclable, strong, and potentially speech-recognizing remote to do or have?",True
83,She would like to see a timer and or alarm facility integrated.,Ideate,"[facilitator]: Um she uh presented also an oversized remote which she guarantees nobody will ever be able to lose. | [facilitator]: Um that's right. But uh her very f personal favourite really she, she would very much like to see a speech recogniser integrated in this remote. | [facilitator]: The industrial designer um presented her uh thoughts on the issue. | [facilitator]: She would like a special case made out of plastic that is very strong, not using any harmful materials, should be recyclable and should be colourful. | [facilitator]: Should have an integrated circuit board that's highly sophisticated and temperature resistant.",False,42,"Let's pause for a moment and explore the underlying assumptions behind the idea of a speech recognizer in the remote. What specific user needs or pain points would this feature be addressing, and how might we validate the assumption that this is a crucial feature for our target audience?",True,"What if the most advanced technology in the remote wasn't a sophisticated circuit board, but rather a clever way to reuse and repurpose existing devices or materials that the user already has at home?",True,"What if the assumption that the remote needs to be oversized to avoid losing it is actually an opportunity to rethink the design of the entire user experience, rather than just the device itself?",True
84,"Uh technically this thing would also have a resistor and a capacitor, diode transistor, resonator, and if possible a rechargeable battery.",Ideate,"[facilitator]: Um that's right. But uh her very f personal favourite really she, she would very much like to see a speech recogniser integrated in this remote. | [facilitator]: The industrial designer um presented her uh thoughts on the issue. | [facilitator]: She would like a special case made out of plastic that is very strong, not using any harmful materials, should be recyclable and should be colourful. | [facilitator]: Should have an integrated circuit board that's highly sophisticated and temperature resistant. | [facilitator]: She would like to see a timer and or alarm facility integrated.",False,42,"Let's explore what makes a speech recognizer a must-have for her, rather than just a nice-to-have feature. What specific scenarios or experiences would she have that would be improved by having this feature integrated into the remote?",True,"Let's clarify what we mean by ""very personal favourite"" - is this a specific user or demographic we're designing for, or is this more of a aspirational goal for our product's impact?",True,"Let's step back from the specific design features - what is the underlying need or benefit that this user hopes to gain by having a speech recogniser, timer, and alarm facility in the remote control, that she doesn't currently get from the existing remote?",True
85,"And how it would works, you press the button, the chip is morse morse code related relays the uh to the generat to the generator amplification and uh the circuit board is very inexpensive to build and so she thinks this is a great feature uh to to to consider.",Ideate,"[facilitator]: She would like a special case made out of plastic that is very strong, not using any harmful materials, should be recyclable and should be colourful. | [facilitator]: Should have an integrated circuit board that's highly sophisticated and temperature resistant. | [facilitator]: She would like to see a timer and or alarm facility integrated. | [facilitator]: Uh technically this thing would also have a resistor and a capacitor, diode transistor, resonator, and if possible a rechargeable battery. | [facilitator]: Uh and of course a circuit board.",False,42,"Let's take a step back and explore what this special case is for - what is its purpose, and who is the intended user? What problem or need does it aim to solve, and how might that influence the design decisions we make?",True,"Can you imagine a scenario where the person using this special case doesn't need a timer, alarm, or all the electronic components we've mentioned, and still finds it incredibly valuable? What would be the essential features that would make it indispensable to her?",True,"Can you imagine a scenario where this special case and the integrated circuit board are used in a way that's completely different from what we're thinking now, such as not in a traditional product but in a community art project?",True
87,Should be battery operated and of course she would have the special cases.,Ideate,"[facilitator]: She would like to see a timer and or alarm facility integrated. | [facilitator]: Uh technically this thing would also have a resistor and a capacitor, diode transistor, resonator, and if possible a rechargeable battery. | [facilitator]: Uh and of course a circuit board. | [facilitator]: And how it would works, you press the button, the chip is morse morse code related relays the uh to the generat to the generator amplification and uh the circuit board is very inexpensive to build and so she thinks this is a great feature uh to to to consider. | [facilitator]: She would like uh this whole thing should be push buttons with a simple chip uh scrolling method is more expensive and not that practical anymore.",False,42,"Let's take a step back and clarify the goal: what specific problem or need is the timer and alarm facility trying to address, and how does it relate to the overall product's purpose?",True,"Can we step back and explore what's driving the desire for a timer and alarm facility, rather than just focusing on the technical implementation? What kind of user experience or outcome is she hoping to achieve with this feature?",True,"Let's slow down and try to separate the ""what"" from the ""how"" – can you imagine a device that integrates a timer and alarm facility without worrying about the technical components, just focusing on the desired experience or outcome?",True
88,"The marketing expert uh who has to finally come up with to to to market this product has been watching the competition, has done some research on the internet and also has used h her personal observations to come up with the fact that such a remote sh should be small, easy to use and it should be eye catching.",Ideate,"[facilitator]: Uh technically this thing would also have a resistor and a capacitor, diode transistor, resonator, and if possible a rechargeable battery. | [facilitator]: Uh and of course a circuit board. | [facilitator]: And how it would works, you press the button, the chip is morse morse code related relays the uh to the generat to the generator amplification and uh the circuit board is very inexpensive to build and so she thinks this is a great feature uh to to to consider. | [facilitator]: She would like uh this whole thing should be push buttons with a simple chip uh scrolling method is more expensive and not that practical anymore. | [facilitator]: Should be battery operated and of course she would have the special cases.",False,42,"Let's take a step back and imagine this device is in the hands of our end user - what's the first thing they're trying to accomplish when they press that button, and what's the most important outcome they're hoping for?",True,"Let's clarify what's being designed here - is it a specific device, like a keychain or a gadget, that uses a simple chip and a button to generate a signal, rather than a product category or a whole system?",True,"What's driving the desire for a rechargeable battery and a specific scrolling method over a more expensive chip - is it related to a specific user need, a cost constraint, or something else?",True
89,From her point of view of course one of the most important facts is that we should get to market before our competition does.,Ideate,"[facilitator]: Uh and of course a circuit board. | [facilitator]: And how it would works, you press the button, the chip is morse morse code related relays the uh to the generat to the generator amplification and uh the circuit board is very inexpensive to build and so she thinks this is a great feature uh to to to consider. | [facilitator]: She would like uh this whole thing should be push buttons with a simple chip uh scrolling method is more expensive and not that practical anymore. | [facilitator]: Should be battery operated and of course she would have the special cases. | [facilitator]: The marketing expert uh who has to finally come up with to to to market this product has been watching the competition, has done some research on the internet and also has used h her personal observations to come up with the fact that such a remote sh should be small, easy to use and it should be eye catching.",False,42,"Let's take a step back and explore the assumptions behind the design direction. What if the ""eye-catching"" aspect isn't just about aesthetics, but also about communicating the unique value proposition of this product to the user?",True,"Let's take a step back and look at this product through the eyes of someone who's never seen it before - someone who's not in our team. What would be the first thing that would grab their attention, and how would we use that to create a hook that draws them in?",True,"What if this product's primary function isn't about being a simple, affordable solution, but rather about being a statement or a status symbol, where the value lies not just in its functionality, but in its aesthetic and emotional appeal?",True
110,Uh it was discussed in the last meeting uh which was opened by the presentation from the interface um designer that uh looks would be very important on this new remote and um it is to send messages of course to the T_V_.,Ideate,"[designer]: Watch I I have my cord behind you here. | [designer]: Okay. But we we were told we could end the final meeting at any time, whenever we felt we were finished. | [designer]: It'll take me the rest of the time to get my microphone out from my necklace. | [designer]: Oh, there we go. | [facilitator]: Well hi everyone again. Um like before we uh I have to redo the meetings from n th the minutes from the last meeting and so here we go.",False,42,"Let's pause for a moment and acknowledge that we've had a bit of a technical hiccup to start our meeting. Before we dive in, can we take a collective deep breath and commit to focusing on the work at hand?",True,"Before we dive back in, can we take a moment to acknowledge that we were interrupted and see if there's anything that's been lost or missed in the conversation so far?",True,"Before we dive in, what if we skipped the formalities and focused on the actual work we're here to do today - what's the top priority or question you'd like to tackle first?",True
111,"It should have nine channel buttons, a next button, volume buttons, subtitle buttons, switch to control features, colour contrast, sharpness etcetera.",Ideate,"[designer]: Okay. But we we were told we could end the final meeting at any time, whenever we felt we were finished. | [designer]: It'll take me the rest of the time to get my microphone out from my necklace. | [designer]: Oh, there we go. | [facilitator]: Well hi everyone again. Um like before we uh I have to redo the meetings from n th the minutes from the last meeting and so here we go. | [facilitator]: Uh it was discussed in the last meeting uh which was opened by the presentation from the interface um designer that uh looks would be very important on this new remote and um it is to send messages of course to the T_V_.",False,42,"Let's pause the meeting for a moment and acknowledge that we're starting fresh today. Before we dive back in, can you each take a minute to silently reflect on what you're hoping to achieve or what's top of mind for you in this meeting?",True,Let's take a step back and clarify what we're trying to achieve in this meeting - what's the most important outcome or decision that needs to be made today?,True,"Before we dive into the content, can you all take a moment to acknowledge where we are and what we've got so far, just to make sure we're all on the same page?",True
112,"It should have a memory switch, a mute button in case the telephone rings or something.",Ideate,"[designer]: It'll take me the rest of the time to get my microphone out from my necklace. | [designer]: Oh, there we go. | [facilitator]: Well hi everyone again. Um like before we uh I have to redo the meetings from n th the minutes from the last meeting and so here we go. | [facilitator]: Uh it was discussed in the last meeting uh which was opened by the presentation from the interface um designer that uh looks would be very important on this new remote and um it is to send messages of course to the T_V_. | [facilitator]: It should have nine channel buttons, a next button, volume buttons, subtitle buttons, switch to control features, colour contrast, sharpness etcetera.",False,42,"Let's take a step back and explore what we're really trying to achieve here. Instead of listing out features, what if we started by imagining a user who's going to be interacting with this remote control - what are their needs, desires, and pain points that we're trying to address?",True,"Let's pause for a moment and clarify what we're trying to achieve with this remote design. What are the top three features that need to be prioritized, and why?",True,"Let's park the conversation about the past meeting for now, and instead, imagine we're having this conversation with someone who's never been in a meeting before - what would they need to understand about our design project to be up-to-speed?",True
113,Uh speech recognition is one of her very f favourite personal uh features she would like see d d to be integrated in this um in this new remote.,Ideate,"[designer]: Oh, there we go. | [facilitator]: Well hi everyone again. Um like before we uh I have to redo the meetings from n th the minutes from the last meeting and so here we go. | [facilitator]: Uh it was discussed in the last meeting uh which was opened by the presentation from the interface um designer that uh looks would be very important on this new remote and um it is to send messages of course to the T_V_. | [facilitator]: It should have nine channel buttons, a next button, volume buttons, subtitle buttons, switch to control features, colour contrast, sharpness etcetera. | [facilitator]: It should have a memory switch, a mute button in case the telephone rings or something.",False,42,"Let's take a step back and explore the assumption that the remote control needs to have a lot of buttons. What if we were to design a remote control that only had the most essential features, and then used other devices or methods to access the other functions?",True,Let's take a step back and imagine we're using this remote control for the first time. What's the most surprising or frustrating thing that could happen when someone picks it up and starts trying to use it?,True,Let's take a step back and imagine we're holding this remote for the first time - what's the most surprising or frustrating thing that might happen if it doesn't work as described?,True
114,"Um. Should be child friendly design with few buttons, colourful maybe with s star shaped or other shaped buttons.",Ideate,"[facilitator]: Well hi everyone again. Um like before we uh I have to redo the meetings from n th the minutes from the last meeting and so here we go. | [facilitator]: Uh it was discussed in the last meeting uh which was opened by the presentation from the interface um designer that uh looks would be very important on this new remote and um it is to send messages of course to the T_V_. | [facilitator]: It should have nine channel buttons, a next button, volume buttons, subtitle buttons, switch to control features, colour contrast, sharpness etcetera. | [facilitator]: It should have a memory switch, a mute button in case the telephone rings or something. | [facilitator]: Uh speech recognition is one of her very f favourite personal uh features she would like see d d to be integrated in this um in this new remote.",False,42,"Let's take a step back and explore what we're trying to achieve with this new remote. What if, instead of listing all the features, we started by imagining a day in the life of the person who will be using this remote - what are their needs, pain points, and goals?",True,"Let's clarify what we mean by ""looks"" in the context of this remote control design - are we talking about aesthetics, visual appeal, or something else?",True,"Let's step back a bit – what if we were to assume that this remote control already exists, and people are using it. What are some things they might be saying about it, in frustration or surprise, when they're interacting with it?",True
115,"Um that's right. But uh her very f personal favourite really she, she would very much like to see a speech recogniser integrated in this remote.",Ideate,"[facilitator]: It should have nine channel buttons, a next button, volume buttons, subtitle buttons, switch to control features, colour contrast, sharpness etcetera. | [facilitator]: It should have a memory switch, a mute button in case the telephone rings or something. | [facilitator]: Uh speech recognition is one of her very f favourite personal uh features she would like see d d to be integrated in this um in this new remote. | [facilitator]: Um. Should be child friendly design with few buttons, colourful maybe with s star shaped or other shaped buttons. | [facilitator]: Um she uh presented also an oversized remote which she guarantees nobody will ever be able to lose.",False,42,"Let's pause for a moment and imagine we're holding this oversized remote in our hands - what would be the first thing that comes to mind when we think about its size, and how might that impact the way we design the rest of the remote?",True,"Let's separate the 'must-haves' from the 'nice-to-haves' in this remote design. What features are non-negotiable for our user, and which ones can we consider trade-offs or compromises?",True,"Let's imagine this new remote is in the hands of our target user, a person who values simplicity and convenience. What would be the first thing she'd do when she picks it up, before even thinking about its features?",True
116,"She would like a special case made out of plastic that is very strong, not using any harmful materials, should be recyclable and should be colourful.",Ideate,"[facilitator]: Uh speech recognition is one of her very f favourite personal uh features she would like see d d to be integrated in this um in this new remote. | [facilitator]: Um. Should be child friendly design with few buttons, colourful maybe with s star shaped or other shaped buttons. | [facilitator]: Um she uh presented also an oversized remote which she guarantees nobody will ever be able to lose. | [facilitator]: Um that's right. But uh her very f personal favourite really she, she would very much like to see a speech recogniser integrated in this remote. | [facilitator]: The industrial designer um presented her uh thoughts on the issue.",False,42,"Let's take a step back and explore what we mean by ""speech recognition"" in this context - is it about being able to control the TV or other devices with voice commands, or is it about being able to interact with the remote itself in a more conversational way?",True,Let's set aside the oversized remote idea for a moment and focus on the speech recognition feature. Can you imagine a scenario where this feature would be so crucial to the user that she'd be frustrated or even angry if it wasn't there?,True,What would need to change in the user's current speech recognition experience with her existing remote for her to feel like this new remote is a significant improvement?,True
117,Should have an integrated circuit board that's highly sophisticated and temperature resistant.,Ideate,"[facilitator]: Um. Should be child friendly design with few buttons, colourful maybe with s star shaped or other shaped buttons. | [facilitator]: Um she uh presented also an oversized remote which she guarantees nobody will ever be able to lose. | [facilitator]: Um that's right. But uh her very f personal favourite really she, she would very much like to see a speech recogniser integrated in this remote. | [facilitator]: The industrial designer um presented her uh thoughts on the issue. | [facilitator]: She would like a special case made out of plastic that is very strong, not using any harmful materials, should be recyclable and should be colourful.",False,42,"Let's take a step back and explore what we're trying to achieve with this design. What is the primary goal of this product, and how does making it child-friendly, colorful, or incorporating a speech recognizer align with that goal?",True,"Let's pause for a moment, can we assume that this product is primarily for people who already have a need for a device like this, rather than trying to appeal to a broad audience, and how might that influence our design decisions?",True,"Let's park the assumptions about what a ""child-friendly"" design even means, and instead, can you imagine you're designing this product for someone who's not a child, but has a disability that makes traditional remote controls difficult to use? How might that influence your design decisions?",True
118,She would like to see a timer and or alarm facility integrated.,Ideate,"[facilitator]: Um she uh presented also an oversized remote which she guarantees nobody will ever be able to lose. | [facilitator]: Um that's right. But uh her very f personal favourite really she, she would very much like to see a speech recogniser integrated in this remote. | [facilitator]: The industrial designer um presented her uh thoughts on the issue. | [facilitator]: She would like a special case made out of plastic that is very strong, not using any harmful materials, should be recyclable and should be colourful. | [facilitator]: Should have an integrated circuit board that's highly sophisticated and temperature resistant.",False,42,"Let's pause for a moment and imagine we're holding this remote in our hands - what would be the most surprising or delightful feature that would make us go ""aha"" or ""wow""?",True,"Let's pause for a moment and imagine we're not designing a remote control, but a futuristic device that's already in the hands of a person who's about to give a speech. What are the key things this device needs to help that person deliver their speech confidently and effectively?",True,"Let's slow down a bit and explore what this team's assumptions are about the user's needs and the product's purpose, considering the oversized remote and speech recognizer features. What if the user's needs could be met without these specific features? What do we think are the essential functions this product should have?",True
119,"Uh technically this thing would also have a resistor and a capacitor, diode transistor, resonator, and if possible a rechargeable battery.",Ideate,"[facilitator]: Um that's right. But uh her very f personal favourite really she, she would very much like to see a speech recogniser integrated in this remote. | [facilitator]: The industrial designer um presented her uh thoughts on the issue. | [facilitator]: She would like a special case made out of plastic that is very strong, not using any harmful materials, should be recyclable and should be colourful. | [facilitator]: Should have an integrated circuit board that's highly sophisticated and temperature resistant. | [facilitator]: She would like to see a timer and or alarm facility integrated.",False,42,"Let's take a step back and explore what's driving the desire for a speech recognizer in this remote. What specific problem or need is this feature trying to address, and how might it be connected to the user's goals or pain points?",True,"What if we were to separate the requirements into two categories: the ""must-haves"" that are essential to the product's functionality and the ""nice-to-haves"" that add a layer of user experience or innovation?",True,"Let's clarify, what do we mean by ""very personal favourite""? Is there a specific user persona or someone in particular who's needs this device is designed to address?",True
120,"And how it would works, you press the button, the chip is morse morse code related relays the uh to the generat to the generator amplification and uh the circuit board is very inexpensive to build and so she thinks this is a great feature uh to to to consider.",Ideate,"[facilitator]: She would like a special case made out of plastic that is very strong, not using any harmful materials, should be recyclable and should be colourful. | [facilitator]: Should have an integrated circuit board that's highly sophisticated and temperature resistant. | [facilitator]: She would like to see a timer and or alarm facility integrated. | [facilitator]: Uh technically this thing would also have a resistor and a capacitor, diode transistor, resonator, and if possible a rechargeable battery. | [facilitator]: Uh and of course a circuit board.",False,42,"Let's take a step back and explore what this special case is for - what problem is it trying to solve, and who is the end-user that will be interacting with it?",True,"Let's take a step back and reframe this as a tool that helps her achieve a specific goal or outcome, rather than just listing features. What problem or challenge is she trying to solve with this special case and integrated circuit board?",True,"Can you take a step back and describe this special case as if it's a device that people will interact with, not just a container - what are its purposes and functions beyond just holding the circuit board?",True
121,She would like uh this whole thing should be push buttons with a simple chip uh scrolling method is more expensive and not that practical anymore.,Ideate,"[facilitator]: Should have an integrated circuit board that's highly sophisticated and temperature resistant. | [facilitator]: She would like to see a timer and or alarm facility integrated. | [facilitator]: Uh technically this thing would also have a resistor and a capacitor, diode transistor, resonator, and if possible a rechargeable battery. | [facilitator]: Uh and of course a circuit board. | [facilitator]: And how it would works, you press the button, the chip is morse morse code related relays the uh to the generat to the generator amplification and uh the circuit board is very inexpensive to build and so she thinks this is a great feature uh to to to consider.",False,42,Let's slow down and clarify the purpose behind the timer and alarm facility. What specific experience or scenario is this feature intended to address or improve?,True,"Let's take a step back and reframe the conversation: what if instead of focusing on the individual components, we explored the problem the product is trying to solve, and what kind of experience or outcome the user is seeking?",True,Can we shift the conversation from listing technical components to understanding the overall goal of the circuit board and timer/alarm facility? What specific outcome or experience do you envision when someone uses this device?,True
122,Should be battery operated and of course she would have the special cases.,Ideate,"[facilitator]: She would like to see a timer and or alarm facility integrated. | [facilitator]: Uh technically this thing would also have a resistor and a capacitor, diode transistor, resonator, and if possible a rechargeable battery. | [facilitator]: Uh and of course a circuit board. | [facilitator]: And how it would works, you press the button, the chip is morse morse code related relays the uh to the generat to the generator amplification and uh the circuit board is very inexpensive to build and so she thinks this is a great feature uh to to to consider. | [facilitator]: She would like uh this whole thing should be push buttons with a simple chip uh scrolling method is more expensive and not that practical anymore.",False,42,"Let's take a step back and explore the underlying needs behind this feature request. What specific pain points or challenges does this timer and alarm facility aim to address, and how might we ensure that it's a solution that truly resonates with our user?",True,"Let's break down the key components mentioned so far. What if we were to prioritize the most essential elements of this design, and then explore ways to simplify or eliminate some of the more complex features, like the Morse code chip or the scrolling method?",True,"Let's clarify what we mean by ""Morse code related relays the uh to the generator amplification."" Can you help us understand what problem or benefit the morse code feature is intended to solve, rather than the technical details of how it works?",True
123,"The marketing expert uh who has to finally come up with to to to market this product has been watching the competition, has done some research on the internet and also has used h her personal observations to come up with the fact that such a remote sh should be small, easy to use and it should be eye catching.",Ideate,"[facilitator]: Uh technically this thing would also have a resistor and a capacitor, diode transistor, resonator, and if possible a rechargeable battery. | [facilitator]: Uh and of course a circuit board. | [facilitator]: And how it would works, you press the button, the chip is morse morse code related relays the uh to the generat to the generator amplification and uh the circuit board is very inexpensive to build and so she thinks this is a great feature uh to to to consider. | [facilitator]: She would like uh this whole thing should be push buttons with a simple chip uh scrolling method is more expensive and not that practical anymore. | [facilitator]: Should be battery operated and of course she would have the special cases.",False,42,"Let's take a step back and imagine someone who's never heard of this product before - what would be the most compelling reason for them to use it, and how would that shape the design of the product?",True,"Let's pause on the technical requirements for a moment. What if we were to assume that the technology is already in place and we're focusing on the user experience and the problem we're trying to solve, rather than the specific components involved?",True,"Let's explore what's driving the desire for a simple, inexpensive solution - is it cost savings, ease of manufacturing, or something else entirely, and how might that influence the trade-offs we make about features and components?",True
124,From her point of view of course one of the most important facts is that we should get to market before our competition does.,Ideate,"[facilitator]: Uh and of course a circuit board. | [facilitator]: And how it would works, you press the button, the chip is morse morse code related relays the uh to the generat to the generator amplification and uh the circuit board is very inexpensive to build and so she thinks this is a great feature uh to to to consider. | [facilitator]: She would like uh this whole thing should be push buttons with a simple chip uh scrolling method is more expensive and not that practical anymore. | [facilitator]: Should be battery operated and of course she would have the special cases. | [facilitator]: The marketing expert uh who has to finally come up with to to to market this product has been watching the competition, has done some research on the internet and also has used h her personal observations to come up with the fact that such a remote sh should be small, easy to use and it should be eye catching.",False,42,Let's step back from the technical details for a moment and talk about the user's experience. What does it mean for this remote control to be 'eye-catching' - what kind of emotional response are we trying to elicit from the user?,True,Let's take a step back and imagine we're holding the final product in our hands - what's the first thing that should happen when someone picks it up and presses the button?,True,"What do we mean by ""eye catching"" in the context of this product, and how might that requirement influence our design decisions?",True
167,"But okay, I'm not, I'm not really sure if uh that would really appeal to everyone though, maybe just to fashion gurus, like maybe just like a little bit n a little fruit picture somewhere in the corner, but I don't know about uh I dunno how ergonomic a, an orange is.",Prototype/Evaluate,"[facilitator]: Yeah. What what do you mean by fruit and vegetables and spongy? | [facilitator]: What you mean clothe No, I missed that one. | [facilitator]: Oh, they're okay so they're not like dressed as a carrot they just have like pictures of fruit on, okay. | [facilitator]: So we're not gonna have a remote control in the shape of of a banana, just maybe Okay and So which fruit are you thinking of? | [facilitator]: Oh, so you want the remote control to be the shape of a fruit, or you want just some kind of like fruit logo on the So something that looks half like a fruit and half like an elephant.",False,42,Let's take a step back and explore what's driving this idea of incorporating fruit into the design. What's the first association or feeling that comes to mind when you think of fruit and this product?,True,"Let's take a step back and explore what we're trying to achieve with this design. What's the underlying idea or benefit you're hoping to convey by incorporating fruit or vegetable elements into the remote control, rather than just the shape or a logo?",True,"Let's take a step back and imagine we're holding a random fruit in our hands, not thinking about remotes or logos at all – what sensory qualities of this fruit might we want to experience or evoke in our design?",True
199,But don't you think it's very difficult to draw a panther?,Ideate,"[designer]: Uh yeah yeah. Okay it's a friendly panther. | [designer]: Yeah maybe. Um. Actually, honestly I I I dunno what's what's his it's be behaviour, I dunno if if it's the male who who hunts or it's the female uh, I I I have watched that lions di didn't hunt it's the the female lions who who hunt, so but I like it because it's fast, and it's black as well, so it can he it can hide itself very easily and it's it's it looks like um powerful, strong, uh I dunno. | [designer]: I I watch a a film about a black panther when I was a child and I was in that age when everything was shocking me a lot. | [designer]: Okay. I like it. Yeah. | [facilitator]: Good morning. And I am Hemant, the industrial designer.",False,42,"Hemant here, let's take a step back and explore what's driving our interest in this panther design. What is it about this animal that we're trying to capture or convey through our design?",True,"Hi everyone, let's dive into this idea of a friendly panther. What if we were to ask, what kind of interactions or experiences would a friendly panther enable for the users, rather than just focusing on its physical appearance or characteristics?",True,"Can we start fresh and explore the panther character without referencing specific real-world animals, and instead focus on the qualities and traits we'd like the character to embody? What are the key behaviors, characteristics, or abilities we'd like this panther to have?",True
204,"That would be like if we use something like the space material or the L_C_D_ screen, things like that.",Prototype/Evaluate,"[facilitator]: Alright. Oh yeah. Okay, so we're gonna look a little bit at trend watching. | [facilitator]: Basically, I was given um an executive summary that was a market investigation on remote controls that was recently conducted, and then also some fashion watchers in Paris and Milan commented on some things that are gonna be going on this year. | [facilitator]: So first um they had people they ranked um the important aspects of r remote controls, and right now i d they're saying that currently there's a functional look and feel preference, but that really, over the next year it it that's gonna be switching to fancy look and feel remotes, so that just goes back to the whole desire of our c Real Reaction company wanting to focus on fashion and so, even though we're stressing, when we're talking, we've all been talking about this like simplicity and easy to use idea, they're sort of wanting us to remember that the number one thing for everyone is that it's fancy look and feel. | [facilitator]: And as these are ranked, the top one is doubly important to the second one, which is doubly important to the third one, so just to take that weight into account. | [facilitator]: The second thing that was mentioned as important was the technological innovations.",False,42,"Let's explore the idea that the ""fancy look and feel"" preference might not be a fixed goal, but rather a reflection of the users' desire to express themselves or showcase their status through the remote control. How might we design a product that allows users to express their personality, rather than just focusing on a specific aesthetic?",True,"Let's pause for a moment and explore the idea that the importance of ""fancy look and feel"" seems to be tied to a specific audience's preferences in Paris and Milan. How might the needs and priorities of other potential users, like those in New York or Tokyo, differ from this group's?",True,"Let's break down the ""fancy look and feel"" aspect - can we talk about what makes something feel ""fancy"" to our Paris and Milan audience, versus what makes it ""functional"" or ""simple""? What are the key characteristics that would differentiate a ""fancy"" remote control from one that's more understated?",True
214,"That's basically the idea. And there's a little picture, just for your imagination, how a device like this should look or can look.",Ideate,"[facilitator]: Well, I th I tried to uh implement a picture here, but it's hardly readable. | [facilitator]: Can you see it? No? | [facilitator]: Well Um, there's a energy source here. | [facilitator]: And um basically there it's connected to three things. | [facilitator]: The user interface connected to a chip, which is connected to the sender, which generates messages using uh infrared light, which are sent to the receiver.",False,42,"Let's take a step back and explore the system as a whole - what if we were to draw the entire ecosystem, including the sender, receiver, and the environment they're interacting with, rather than just focusing on the energy source and its connections?",True,"Let's take a step back and reframe what we're trying to understand here – rather than the technical specifics of the energy source, what are the key interactions or behaviors we're trying to enable or facilitate in this system?",True,Let's start with the receiver for a moment - what are we trying to achieve when someone receives a message through this system?,True
215,"It's fairly easy. It's been done many times before, and I think we should uh we should c s succeed in in our plan to do this.",Ideate,"[facilitator]: There's just one chip. There are a few buttons connected. | [facilitator]: Uh the buttons are lit. | [facilitator]: And the whole thing is transmitted by a infrared li diode, and there is not a power source here. | [facilitator]: So that's basically the total design of this piece of equipment. | [facilitator]: There's nothing more to it.",False,42,"What if this simplicity was not just a limitation, but a deliberate design choice to achieve a specific goal or outcome?",True,"Let's assume that's a pretty complete description of the existing design, but I'm curious, what does this design do, or what problem is it trying to solve in the user's life?",True,"Let's imagine the infrared LED isn't transmitting any information, but is instead just a glowing red light – what does that reveal about the purpose or experience of this device?",True
216,"So Okay, so uh personally I think we should infra use infrared, because uh otherwise our device cannot uh communicate with uh almost every T_V_ set.",Ideate,"[facilitator]: Uh the buttons are lit. | [facilitator]: And the whole thing is transmitted by a infrared li diode, and there is not a power source here. | [facilitator]: So that's basically the total design of this piece of equipment. | [facilitator]: There's nothing more to it. | [facilitator]: It's fairly easy. It's been done many times before, and I think we should uh we should c s succeed in in our plan to do this.",False,42,"Let's pause for a moment and ask: What if this ""fairly easy"" design isn't as straightforward as we think, and we're missing a crucial aspect that's making it more complex than we initially assumed?",True,Let's take a step back and imagine we're the users of this equipment - what would be their most frustrating experience if this design was the final solution?,True,"What are we assuming about the context in which this equipment will be used that might impact how we approach the design, particularly given the lack of a power source?",True
231,"Kate presented a working design of going after going over the basics on the whiteboard um that it should be a simple mass-produced device, because of the twelve and a half Pence cost.",Prototype/Evaluate,"[facilitator]: Okay. Um there are the decisions we have to turn to, but we'll come back to them in a minute after I take us to the minutes of the previous meeting. | [facilitator]: Right um as we remember, I opened the meeting, the four of us were present, the meeting the first meeting's minutes were reviewed and approved. | [facilitator]: Um Sarah, you presented a marketing research report um which pretty much rep represented that fifteen to thirty five year olds uh it has to be hand-held, power, channel, volume, number keys, possibly a speech recognition. | [facilitator]: And then Steph did a second presentation um that those functions plus streamlining them with big user-friendly keys that were easy to use. | [facilitator]: I think all of us agreed with those things.",False,42,"Let's take a step back and explore what's driving the need for these specific features in the product, rather than just listing them. What are the underlying needs or pain points of our target users that these features are trying to address?",True,"Let's pause on that last point, where you all agreed on the features, but what about the underlying assumptions behind those agreements - were they based on a deep understanding of the users' needs or more on what we think we know about the market?",True,"Let's pause on those user-friendly keys that were easy to use - what specifically do we mean by ""easy to use"" in this context? Is it related to how often people would use the device, or is it more about people with disabilities, or something else?",True
288,"Okay. Okay. Well I'd be inclined to say, if we can make the design better than any comparable remote while reducing the cost, then that's the way we really should play it.",Prototype/Evaluate,"[facilitator]: We want people to eventually say, oh that's that's Real Reaction that's a good m make. | [facilitator]: It's reliable. And and we're gonna make it we're gonna win mind-share by uh either being a fantastic product or for it working, it just being good, reasonable-priced, and solid. | [facilitator]: So if we can make if we can put an emphasis here on it not breaking I think that's in itself an extremely big thing. | [facilitator]: We only have a few minutes left. | [facilitator]: Is twenty-five Euros a mid-market price for a remote?",False,42,"Let's pause on the price point for a moment - what if we were to assume that our product is the only one on the market, and we're setting the price, rather than competing with others?",True,"Let's shift our focus from the price point of twenty-five Euros to the people we're designing for - who are they, what's their pain point, and what's the real cost of a remote that breaks or doesn't meet their needs?",True,"Can we challenge the assumption that our price needs to be mid-market? What if we aimed to position Real Reaction as a premium product, and justified the higher price point by highlighting the unique value it brings to users?",True
358,"I think that might be a little too aggressive um, but, so, I'm just ig uh pointing out a uh a strategy to uh do some additional user testing pri and then to launch um at a a major sports event or uh perhaps to uh also And to work with motion pictures.",Prototype/Evaluate,"[facilitator]: Sports season. Which sport season? | [facilitator]: So so maybe what So I think what we need to do is perhaps to synchronise the final the the launch of a user-tested device with some special event. | [facilitator]: And and then um so that gives us a little more time perhaps then we anticipated, because I don't know when the World Cup is, but I'm sure there's gonna be one. | [facilitator]: Or another m major sports event. | [facilitator]: Probably not the um the football games coming up the end of January.",False,42,"Let's pause on the idea of aligning our product launch with a major sports event. What if, instead of trying to synchronize with a specific event, we focused on understanding how our target audience's behavior changes during the sports season? How might those changes inform our product's design and functionality?",True,"Let's not assume the World Cup or another major sports event is the perfect fit - what if we're actually trying to create a launch that feels disconnected from the usual sports season rhythm, and instead aligns with a different kind of audience attention or cultural moment?",True,"Let's put the sports event idea aside for now and explore the device's unique value proposition: what specific benefits or experiences would a user-tested device provide that would make people excited to use it, regardless of the timing?",True
361,"A wind-up remote. You could make the hand dynamo into an exercise bike, and then people could exercise whilst watching T_V_.",Prototype/Evaluate,"[designer]: And as well as that, the two designers are going to work together on our prototype following those instructions that we've just come up with using modelling clay and you will get extra instructions from your personal coach. | [designer]: Is that all okay? And anyone who hasn't put their their presentation in the project documents folder, it would be good just so in case we have to refer to it. | [designer]: Y ah nobody wants to talk to you. | [designer]: Unplug yourself. I dunno, maybe I would car | [facilitator]: Does that mean like a wind-up one?",False,42,Let's pause the conversation about the prototype for a moment. What's the underlying goal or question that's driving the desire to have a wind-up car in this project?,True,"Let's focus on the prototype development for now. Can we imagine a scenario where the modelling clay prototype is not just a physical representation, but a tool to test assumptions about our users' needs and behaviors?",True,"Can we explore what's being said, rather than who's saying it? Let's clarify the instructions and focus on the project's direction before we dive into the prototype.",True
379,"That's basically the idea. And there's a little picture, just for your imagination, how a device like this should look or can look.",Ideate,"[facilitator]: Well, I th I tried to uh implement a picture here, but it's hardly readable. | [facilitator]: Can you see it? No? | [facilitator]: Well Um, there's a energy source here. | [facilitator]: And um basically there it's connected to three things. | [facilitator]: The user interface connected to a chip, which is connected to the sender, which generates messages using uh infrared light, which are sent to the receiver.",False,42,"Let's take a step back and focus on the user's experience rather than the technical components. What if we were to design this system without knowing how it works internally, what would be the most important things we'd want the user to be able to do with it?",True,Let's take a step back and talk about what we're trying to communicate with this visual representation. What would it take to simplify this illustration so that anyone in the room could easily understand it?,True,"Let's take a step back and imagine we're observing this system in the wild, without looking at the diagram at all. What are the behaviors or interactions that this system would need to support, if we were to take it out into a real-world setting?",True
380,"It's fairly easy. It's been done many times before, and I think we should uh we should c s succeed in in our plan to do this.",Ideate,"[facilitator]: There's just one chip. There are a few buttons connected. | [facilitator]: Uh the buttons are lit. | [facilitator]: And the whole thing is transmitted by a infrared li diode, and there is not a power source here. | [facilitator]: So that's basically the total design of this piece of equipment. | [facilitator]: There's nothing more to it.",False,42,Let's try to imagine this device is being used by someone who has never seen it before - what would they need to know or understand in order to use it successfully?,True,"Let's pause there and ask: What's the first thing that happens when you try to use this equipment, assuming someone has a remote control with an infrared LED?",True,"Wait, what if we assume the designer intentionally left out the power source, and instead of thinking about what's missing, we try to understand what's being emphasized?",True
381,"So Okay, so uh personally I think we should infra use infrared, because uh otherwise our device cannot uh communicate with uh almost every T_V_ set.",Ideate,"[facilitator]: Uh the buttons are lit. | [facilitator]: And the whole thing is transmitted by a infrared li diode, and there is not a power source here. | [facilitator]: So that's basically the total design of this piece of equipment. | [facilitator]: There's nothing more to it. | [facilitator]: It's fairly easy. It's been done many times before, and I think we should uh we should c s succeed in in our plan to do this.",False,42,"Let's take a step back and imagine we're not just designing a product, but a user's experience with this product. What would be the most frustrating or confusing thing for someone to encounter when interacting with this equipment?",True,"What if the goal isn't just to replicate a design that's been done before, but to create something that truly solves the user's needs in a unique way?",True,"Let's park the assumption that we need to replicate existing designs and explore instead: what if this equipment had to work in a completely unique environment, without the benefit of established precedents – how might that influence our approach to the design?",True
395,So in part I could I could give you some of my personal preferences but I could also th add some to this which is just about sort of um sort of market research.,Ideate,"[designer]: It's easy to use, I think that's one thing that um and I guess from the component point of view it's easy to build as well 'cause things are like fixed. | [facilitator]: Could you plug me in? | [facilitator]: Okay. Thanks. Okay. 'Kay. Okay. | [facilitator]: And the slogan, like the actual written slogan, or just to embody the idea of the slogan? 'Bout putting the fashion in electronics. | [facilitator]: Sure. Right. Mm-hmm. M yeah, like a lot of a lot of what I've um read and prepared for this meeting fits in really closely with what with what Craig's just gone over.",False,42,"Let's pause on the idea of ""putting the fashion in electronics."" What does that mean to you in practical terms, and how might that influence the design of our product?",True,Let's take a step back and look at the project through the eyes of someone who's never seen or used our product before. What's the first impression they would get from the design and the slogan?,True,"Can you walk me through what you're getting at with the phrase ""the fashion in electronics"" - what specific aspects of electronics are you envisioning as fashionable?",True
413,I just put it in the in the shared folder so it should be yeah I think so.,Ideate,[designer]: Yeah. It's called uh the Real Remote. | [designer]: With a copyright sign after Real. | [designer]: So maybe you can include that somewhere. | [designer]: Yeah. I don't see any power cables here so 'Kay. | [facilitator]: . Just kidding. So annoying.,False,42,Let's take a step back and explore what we're trying to achieve with the Real Remote's design. What are the key features or benefits that we want to communicate through its name and branding?,True,Let's pause the conversation about the name and branding for a moment. Can we talk about what the 'no power cables' observation reveals about our assumptions about how this product will be used?,True,Let's pause for a moment and ask: What assumptions are we making about the target user or environment that led us to decide a product should be battery-powered or wireless?,True
414,"Yeah, conceptual design. What or whatever does it No no no, can you go back one?",Ideate,[designer]: With a copyright sign after Real. | [designer]: So maybe you can include that somewhere. | [designer]: Yeah. I don't see any power cables here so 'Kay. | [facilitator]: . Just kidding. So annoying. | [facilitator]: I just put it in the in the shared folder so it should be yeah I think so.,False,42,"Let's pause the conversation about the copyright sign and power cables for a moment. What's the main goal we're trying to achieve with this design, and how does this specific detail fit into the bigger picture?",True,Let's take a step back and clarify what we're trying to achieve with this design. What are the key elements we need to include to ensure the product is both functional and compliant with regulations?,True,"Let's focus on the user's needs rather than the design specifics - who are we designing this product for, and what are their pain points when it comes to this type of product?",True
453,"So maybe we could make the buttons shaped like fruit and veg, or the the buttons could be spongy, uh somehow.",Prototype/Evaluate,"[facilitator]: I presume it must have been not not spongy last year. | [facilitator]: So we need to emphasise the fancy design with on on our remote control above all else. | [facilitator]: And then also try and add in technological informat innovation which could be our sort of find the thing with a hand clap. | [facilitator]: And then we need to ma sort of make it easy to use that's as a third priority, so perhaps um fewer fewer buttons and functions as we've as we've discussed. | [facilitator]: And then maybe find a way to incorporate these trends so that we sort of capture people's imaginations.",False,42,"Let's take a step back and explore what we mean by ""capturing people's imaginations."" What specific emotions, needs, or desires do we think our product should evoke in our users, and how might our design decisions contribute to that?",True,"Let's take a step back and explore what ""capturing people's imaginations"" might mean in this context - what does that look like, feel like, or sound like for our users when they interact with our remote control?",True,"Let's take a step back and talk about what's driving this emphasis on ""fancy design"" - is it because we're trying to appeal to a specific type of customer, or because we want to differentiate ourselves from competitors in a crowded market?",True
488,"Hello. So, are you d what were j you guys discussing?",Ideate,"[designer]: Oh, it's okay. Yeah. Colourful, you you Yep. | [designer]: Yeah. Yeah. Oh yeah. You can Ah may But uh uh scroll for a channel s selection or volume Ma Oh okay. | [designer]: Oh okay. Out. I have to call this in a form. | [designer]: Ah. But we ha w we don't uh use our reco uh we uh removable cover? | [designer]: No, huh? Maybe maybe later, maybe we can uh",False,42,"Let's take a step back and explore what's driving the conversation about the design's features, like the channel selection and volume control. What are the top three things you're trying to achieve with this design, and how do these features fit into those goals?",True,Let's pause for a moment and capture the essence of what we're discussing so far. What are the main ideas or insights that you'd like to preserve from this conversation about the product's design and features?,True,"Let's try to clarify the conversation by restating what I've heard so far: you're discussing the user experience of navigating channels and selecting volume, and there's also a mention of a removable cover. Can we separate those ideas and explore each one individually?",True
489,"Also if if we were choose the the L_C_D_ option, would it give enough energy Okay, that's the just assume it takes.",Ideate,"[facilitator]: So I'll just close this one now, and let's uh let's see,. | [facilitator]: We have a lot to tell. | [facilitator]: You had a lot to go on. | [facilitator]: So uh how about you go first. | [facilitator]: Okay. Does it provide enough energy?",False,42,"What do you mean by ""enough energy"" in this context, and how does that relate to the overall goal of the product or service we're designing?",True,"Let's take a step back – what do we mean by 'enough energy'? Is it about the device's performance, the user's experience, or something else entirely?",True,"What do you think would change for the user if this product was providing just the right amount of energy, rather than ""enough"" energy?",True
490,I don't think that's applicable because I thin why why shouldn't we take a basic battery?,Ideate,"[facilitator]: Okay. Does it provide enough energy? | [facilitator]: Also if if we were choose the the L_C_D_ option, would it give enough energy Okay, that's the just assume it takes. | [facilitator]: Well, I'm not sure if it's shaken enough, because No, I don't think so, because uh watches can go on kinetic energy because they move all the time. | [facilitator]: But I'm sure t I mean remotes lie still I think like ninety nine percent of the time. | [facilitator]: So I don't think that's a really good the other alternative were solar cells.",False,42,"Let's take a step back and explore the assumption that a remote control is a good source of energy. What if we were to assume that the remote control is actually a poor source of energy, and we need to find a better one - what would that look like?",True,Let's challenge that assumption about remotes lying still ninety-nine percent of the time - are there specific situations or contexts where remotes might be used in a way that contradicts that assumption?,True,"Let's try to challenge the assumption that kinetic energy from movement isn't sufficient - could a watch, which is also a small, portable device, serve as a prototype or benchmark for how much energy can be harvested from daily motion, rather than using a remote control as our baseline?",True
491,"Okay yeah, b you c of course you could place re re-chargeable batteries.",Ideate,"[facilitator]: I don't think that's applicable because I thin why why shouldn't we take a basic battery? | [facilitator]: Why not? I mean everybody everybody knows how to use that. | [facilitator]: It's it's common. So and it's available everywhere. | [facilitator]: So why sh mm I think better. | [facilitator]: Yeah, but it's Yeah, uh it wasn't it wasn't in the options, a rechargeable m module actually.",False,42,"Let's explore what's driving the preference for a rechargeable battery. Is it the environmental benefits, the cost savings over time, or something else entirely?",True,"Let's unpack that assumption about people knowing how to use a basic battery - what kind of user experience would we be creating if we relied on that assumption, and what might be the implications for our target audience?",True,Let's pause on the assumption that a rechargeable battery module isn't in the options. Can we challenge the assumption that there are only two types of batteries available - basic disposable and rechargeable?,True
492,"Uh, it's could be. You know what, th we're focusing very much on the covers now.",Ideate,"[facilitator]: I mean it they they fall a lot. | [facilitator]: So Well, you have for if you if for example if you take hard plastic. | [facilitator]: If it falls it might crack. | [facilitator]: And rubber uh kind of softens the fall. | [facilitator]: I'm not sure if it's the it's the entire cover you change.",False,42,"Let's explore the idea that the material of the cover is a key factor in its durability, rather than the shape or design itself. What if we were to assume that the cover is made of a material that is inherently resistant to cracking or breaking, and then think about the implications of that assumption?",True,Let's take a step back and focus on the user's experience when the product falls. What's the most important thing we want to protect when it happens?,True,"Let's focus on the experience of the person who drops the hard plastic case, rather than just the physical object itself. How might we design a solution that takes into account the surprise and frustration of accidentally dropping something valuable?",True
493,I'm still deciding on what what what could you use it for.,Ideate,"[facilitator]: But I think the basic thing let's just rule out wood for now and continue. | [facilitator]: We're definitely focussing on the younger people, 'cause that was our main goal. | [facilitator]: Okay okay, we will. Mm-hmm. | [facilitator]: Mm-hmm. Evident. Yeah, o of course we're gonna use. | [facilitator]: But I didn't I didn't go on the thought of a scroll-wheel actually.",False,42,"Let's pause on the scroll-wheel idea for a moment - what if we were to imagine a product that doesn't have a scroll-wheel at all, how might that change the design and user experience?",True,"What if instead of a traditional scroll-wheel, we explored a gesture-based navigation system that younger users might find more intuitive and engaging?",True,"Let's pause on that scroll-wheel idea - what if it were the main navigation mechanism, rather than just a part of the product?",True
494,"Maybe for volume control. Channel, I think that would be annoying because it might accidentally scroll onto another channel.",Ideate,"[facilitator]: We're definitely focussing on the younger people, 'cause that was our main goal. | [facilitator]: Okay okay, we will. Mm-hmm. | [facilitator]: Mm-hmm. Evident. Yeah, o of course we're gonna use. | [facilitator]: But I didn't I didn't go on the thought of a scroll-wheel actually. | [facilitator]: I'm still deciding on what what what could you use it for.",False,42,"Let's pause on the scroll-wheel idea for a moment. What if we're not thinking about it as a feature, but rather as a metaphor for how our users might interact with our product?",True,"Let's park the scroll-wheel idea for now and go back to our younger users – what are some specific pain points or challenges they're facing that we're trying to address with our product, and how does our current understanding of those challenges inform the design decisions we're making?",True,"Let's step back for a moment: if we're not sure what the scroll-wheel feature would be used for, could it be that we're trying to fit a feature from our old design into a new product without truly understanding its purpose or relevance to the younger generation's needs?",True
495,I don't think so. I haven't I haven't taken it into consideration.,Ideate,"[facilitator]: I'm still deciding on what what what could you use it for. | [facilitator]: Maybe for volume control. Channel, I think that would be annoying because it might accidentally scroll onto another channel. | [facilitator]: I think a push-button for channel would be better. | [facilitator]: I mean it for volume control it's it's a smoother motion, you can just increase or decrease. | [facilitator]: But not sure. For channels will be good.",False,42,"Let's pause on the idea of using this feature for volume control. What would be the most frustrating experience for a user if they were trying to use this device for volume control, but it didn't behave as they expected?",True,"Let's imagine a user who is trying to multitask, like watching TV while cooking dinner - how might the design of this volume control affect their experience?",True,"Let's pause on that idea of using a touchpad for volume control - what if it made the experience more tactile, like a real volume knob, rather than a purely digital interaction?",True
496,"Oh let's go for let's say because it is uh very hot in n our target group I think, we should take it take it t to consideration to build an L_C_D_ screen in it.",Ideate,"[facilitator]: Are they? Yeah, but if it's if it's not useful, I don't think it I don't think it gives an extra function to the remote. | [facilitator]: Anyway What you what what'd you get on the L_C_D_ screen? | [facilitator]: Is it expensive? Does it And how much more expensive is that? | [facilitator]: Or No absolute numbers, but it's just more expensive and takes more room I suppose in your in your design. | [facilitator]: Don't think it's an issue, okay.",False,42,"Let's pause on the idea that this feature isn't adding a new function to the remote, but rather taking up space - what if we flipped that perspective and asked, what if this feature was actually a key differentiator for our product, and we were willing to invest in making it a central part of our design?",True,"Let's take a step back - what if we were to design this feature without considering its cost or space requirements, just to see what possibilities emerge?",True,"Can we imagine a scenario where this feature isn't a consideration, like a really low-cost or DIY version of the product, and what would that look like?",True
497,"Mm-hmm. Once again I was would ask you if it's expensive, but apparently you don't have any data.",Ideate,"[facilitator]: Or No absolute numbers, but it's just more expensive and takes more room I suppose in your in your design. | [facilitator]: Don't think it's an issue, okay. | [facilitator]: Oh let's go for let's say because it is uh very hot in n our target group I think, we should take it take it t to consideration to build an L_C_D_ screen in it. | [facilitator]: Okay. Which basically has the same functionality, but lacks the L_C_D_ screen. | [facilitator]: Okay. We'll pick a we'll pick from uh we'll just combine everything later.",False,42,"Let's pause on the idea of the LCD screen for a moment - what are we trying to achieve by including it, beyond just the functional benefits?",True,"Let's pause on the LCD screen idea for a moment. What if instead of trying to solve the 'expensive and bulky' problem, we asked ourselves what the target group needs to stay cool and comfortable in this product?",True,"Let's explore the assumptions behind the L_C_D_ screen. How do we think it would improve the user's experience, especially considering it's an added cost and complexity?",True
498,So Well what d what was exact what you got on the on the new component?,Ideate,"[facilitator]: Don't think it's an issue, okay. | [facilitator]: Oh let's go for let's say because it is uh very hot in n our target group I think, we should take it take it t to consideration to build an L_C_D_ screen in it. | [facilitator]: Okay. Which basically has the same functionality, but lacks the L_C_D_ screen. | [facilitator]: Okay. We'll pick a we'll pick from uh we'll just combine everything later. | [facilitator]: Mm-hmm. Once again I was would ask you if it's expensive, but apparently you don't have any data.",False,42,Let's pause on the assumption that the L_C_D_ screen is a must-have because of the target group's temperature. What if we were to design for a different assumption about our users' needs in hot environments?,True,"Let's pause on the assumption that the lack of an LCD screen is a trade-off for the target group's temperature. How would our design change if we assumed the opposite: that our target group values the LCD screen's functionality enough to justify its cost, regardless of the temperature?",True,"Let's table the assumption that a lower-cost version will necessarily lack key features like the LCD screen, and instead explore what that lower-cost version would look like if it still delivered on our design goals.",True
499,So why why if it's small and we can imp why shouldn't we?,Ideate,"[facilitator]: Okay. Which basically has the same functionality, but lacks the L_C_D_ screen. | [facilitator]: Okay. We'll pick a we'll pick from uh we'll just combine everything later. | [facilitator]: Mm-hmm. Once again I was would ask you if it's expensive, but apparently you don't have any data. | [facilitator]: So Well what d what was exact what you got on the on the new component? | [facilitator]: That's small. So we can implement it.",False,42,"Let's pause for a moment and explore the assumption that the component is small. What if it's not small, but rather, it's just not as visible or prominent as we're thinking?",True,"Let's pause there for a moment. What if we assumed that the L_C_D_ screen is actually a crucial component, rather than something we can just ""combine everything"" later, and explored its potential impact on the overall product?",True,"What I'm hearing is that the new component might be a cost-effective solution, but how confident are you that it will actually solve the problem we're trying to address without the L_C_D_ screen?",True
500,And there's um get your mar marketing report?,Ideate,"[facilitator]: Okay. We'll pick a we'll pick from uh we'll just combine everything later. | [facilitator]: Mm-hmm. Once again I was would ask you if it's expensive, but apparently you don't have any data. | [facilitator]: So Well what d what was exact what you got on the on the new component? | [facilitator]: That's small. So we can implement it. | [facilitator]: So why why if it's small and we can imp why shouldn't we?",False,42,"Let's pause for a moment and clarify what we mean by ""expensive."" Is it the cost of the component itself, the cost of implementing it, or something else entirely that's driving your concerns?",True,"Let's flip the script: instead of focusing on what we can do with the small component, what would happen if we didn't implement it, and what would be the implications of not having this feature?",True,What's the assumption behind implementing the new component just because it's small - that smaller size will necessarily lead to lower costs or increased user satisfaction?,True
501,Or Oh. Because if there's something that 'Cause have did you have all the materials?,Ideate,"[facilitator]: More than sixty percent of the people would like voice recognition. | [facilitator]: If it's small, if it's fits, if if people like it, why not? | [facilitator]: So Yeah, but we got some data on people that actually are int are interested in that, and I don't think a scroll-wheel offers new functionality, whereas speech recognition and L_C_D_ screen do offer new functionality in your product. | [facilitator]: Uh I think so, because if I think we're specially w if you're going maybe uh if you have the two editions you wanna wanna give out, probably you have one with uh with speech recognition and Um Yeah, hold on a minute. | [facilitator]: Were were you we're finished?",False,42,"Let's pause the conversation about voice recognition for a moment. What if we were to assume that voice recognition isn't a feature we can include in this product, and instead, focus on how we can make the existing features more accessible to the people who want them?",True,"Let's pause on that idea of having two editions, one with voice recognition and another without. What would be the primary difference between these two editions that would make someone choose one over the other?",True,Can we take a step back and assume that voice recognition is not an option – how would that affect the overall design and user experience we're trying to achieve?,True
514,M I'll make it um are we gonna use square buttons or round ones actually?,Prototype/Evaluate,"[facilitator]: Let's see, I'll just make One light here. | [facilitator]: And just make it red now. | [facilitator]: But it could be any colour. | [facilitator]: So Okay, whatever. Fine, anyway. | [facilitator]: What do we have here?",False,42,"Let's take a step back and explore what we're trying to create here – is it a specific product, a mood, or an experience that this light represents?",True,"Can you tell me what you were trying to create with that one light, and what led you to make it red?",True,"Before we dive deeper into this design, can you help me understand what's behind this 'any colour' statement – is it a deliberate design choice or more of a placeholder?",True
542,But what about um the markets uh wants colourfuls uh designs?,Prototype/Evaluate,"[facilitator]: So that's the sample sensor. | [facilitator]: So if you say mute, it says mute again, and then it's um well, I believe it's uh Yeah, and then uh he he repeats its action what which he believes it is. | [facilitator]: So you say mute, he repeats mute and you makes a computer sound mute, and then goes to the mute function. | [facilitator]: Yeah. Well, I don't have um I haven't looked for uh for information about it, but I don't think information uh y I don't think you need it on a display. | [facilitator]: Especially when when we have to look at a cost, I don't think uh 'cause uh uh all any T_V_ can uh can uh view a digit on uh on screen, yeah.",False,42,"Let's pause for a moment and reframe what we're trying to achieve here. Instead of focusing on whether or not to display the mute status, what if we asked: what would be the most intuitive way for a user to know if the mute function is working as intended?",True,"Let's pause for a moment and explore what we're trying to achieve with this design. What is the primary function of this sensor, and how does it need to interact with the user to be effective?",True,Let's try to summarize the sensor's current behavior: it repeats back the user's input and then performs the corresponding action. What would be the benefits or drawbacks of this repeating feedback?,True
691,User interface. Yes. You see the second mail?,Ideate,"[facilitator]: Yeah. Yeah. Yeah, so each of us has a role to do. | [facilitator]: In each We already have our role. 'Kay, we can So there are three kinds of designs, that's all. | [facilitator]: Okay, alright. Yeah, yeah. I'm doing the interface. | [facilitator]: Are you using the you are doing the in Ah Okay. | [facilitator]: Mm? Um working on i.",False,42,Let's take a step back and clarify what we're trying to achieve with this project. What's the main problem or opportunity we're trying to address with this design?,True,"Let's take a step back and look at the problem we're trying to solve, rather than just the individual roles or designs. What's the core challenge or need that we're trying to address with our product design?",True,"What if we didn't start by dividing our work by individual roles, but instead considered how the different designs could work together to achieve a common goal?",True
692,"Uh, what is most important in a in a remote control?",Ideate,"[facilitator]: Appendix. See there's a role for everybody. | [facilitator]: Even for the marketing. But look at your role, your marketing role. | [facilitator]: Yeah, that's your role. Mm. | [facilitator]: Yes. Mm-hmm. Need to collect information. | [facilitator]: Um. I I'm part of design, perhaps.",False,42,"Let's step back from the roles for a moment - what if we were to assume that everyone in the team is a user of the product we're designing, rather than just having a specific role? How might that change the way we think about the problem we're trying to solve?",True,"Let's try to untangle this. How would you describe the tension or conflict you're experiencing between your design role and your marketing role, and what's at stake in this conversation?",True,"Let's explore the idea that marketing can have a specific role in design, rather than just providing information. What if we start by defining what ""design"" means from the marketing perspective, and see where that leads us?",True
698,"So, we will have the three presentations from the In Industrial Designer, User Interface Designer and um What's your talk?",Ideate,"[designer]: Okay. Okay. Okay, okay. Okay. | [designer]: Mm. Okay. Okay. Okay. | [facilitator]: So, I will open our functional design meeting. | [facilitator]: So, I will play role of the secretary. | [facilitator]: As also Program Ma Manager.",False,42,Let's set aside the roles for now and focus on the project at hand. What are the top three things we need to achieve with our product design?,True,"Before we dive into the functional design, can you take a moment to reflect on what we're trying to achieve with this product - what's the core benefit we want to provide to our users?",True,"Before we dive into functional design, can you tell me what sparked this meeting and what you're hoping to achieve together today?",True
699,"Okay, never mind. 'Kay, did you save your presentation?",Ideate,"[facilitator]: So, we will have the three presentations from the In Industrial Designer, User Interface Designer and um What's your talk? | [facilitator]: Marketing Experts. And after that we uh will have the uh new product requirements, the decision on the remote control functions, and we will close the meetings after. | [facilitator]: Mm so um I suppose the first to do the presentation will be the User Interface Designer. | [facilitator]: Um, so you're participant two? | [facilitator]: No you're No, I'm participant one.",False,42,Let's take a step back and clarify the agenda for today's meeting. What are the top three things we want to achieve or decide by the end of this meeting?,True,Let's take a step back and clarify our goals for this meeting. What are the top three things we need to come away with by the end of our discussion today?,True,"Let's clarify the order of presentations. Why don't we let the team members who have been working on the different aspects decide the order, rather than having them assigned randomly?",True
709,"So, we will have the three presentations from the In Industrial Designer, User Interface Designer and um What's your talk?",Ideate,"[designer]: Okay. Okay. Okay, okay. Okay. | [designer]: Mm. Okay. Okay. Okay. | [facilitator]: So, I will open our functional design meeting. | [facilitator]: So, I will play role of the secretary. | [facilitator]: As also Program Ma Manager.",False,42,Let's set aside the roles for now and focus on the project at hand. What's the key challenge or opportunity that we're trying to address with our design?,True,"Let's take a step back from our roles for now and focus on the product itself. What's the one thing that's not working for our users right now, and how might we improve that?",True,"Let's clear the table first - what are the top three items we need to address in today's meeting, and what are the most pressing questions or concerns the team is hoping to resolve?",True
710,"Okay, never mind. 'Kay, did you save your presentation?",Ideate,"[facilitator]: So, we will have the three presentations from the In Industrial Designer, User Interface Designer and um What's your talk? | [facilitator]: Marketing Experts. And after that we uh will have the uh new product requirements, the decision on the remote control functions, and we will close the meetings after. | [facilitator]: Mm so um I suppose the first to do the presentation will be the User Interface Designer. | [facilitator]: Um, so you're participant two? | [facilitator]: No you're No, I'm participant one.",False,42,"Let's take a step back and clarify the agenda for this meeting. What are the top three things we need to decide or discuss today, and how do the presentations and product requirements fit into that?",True,"Let's pause for a moment and acknowledge that we have a mix of designers and stakeholders in the room. What are the top three things you hope to take away from this meeting, regardless of your role or title?",True,"Let's clarify the structure of our meeting. It seems like we're planning to hear from three presenters and then have a discussion about product requirements. Before we dive into the presentations, what is the goal we want to achieve with this meeting, and how can we make sure we're making the best use of everyone's time?",True
717,"Sure? Yeah? Yeah. Yeah, but do you think it will be easy to use?",Prototype/Evaluate,"[facilitator]: So I will let you to do your presentation, so. | [facilitator]: You mean the loo the look, the outside? | [facilitator]: Okay. Mm-hmm. What is R_S_I_? | [facilitator]: Ah um okay. Mm-hmm. Mm okay. | [facilitator]: And just to have uh an idea, do you think you as the User Interface Designer to would it be possible to have less buttons and still have the same functionality and to have powerful remote control, you think it's possible?",False,42,"Let's pause on the idea of reducing buttons while maintaining functionality. Can you imagine a scenario where a user is interacting with this product, and they're trying to accomplish a specific task – what would be the most critical information or feedback they would need to see or experience in that moment?",True,"Let's pause the presentation for a moment. Instead of focusing on the number of buttons, what if we explored the idea of a ""no-button"" scenario where the user interacts with the product in a completely different way?",True,Let's pause on the idea of reducing the number of buttons and explore what it means to 'have the same functionality'. What are the essential tasks or actions that need to be preserved if we're going to remove some buttons?,True
720,User interface. Yes. You see the second mail?,Ideate,"[facilitator]: Yeah. Yeah. Yeah, so each of us has a role to do. | [facilitator]: In each We already have our role. 'Kay, we can So there are three kinds of designs, that's all. | [facilitator]: Okay, alright. Yeah, yeah. I'm doing the interface. | [facilitator]: Are you using the you are doing the in Ah Okay. | [facilitator]: Mm? Um working on i.",False,42,Let's take a step back and clarify what we're trying to achieve with this project. What's the main problem or opportunity we're trying to address with our design?,True,"Let's step back from our individual roles for a moment - what if we were to design this product as if we were a single team, working together, rather than separate contributors?",True,"Let's clarify what we mean by ""interface"" and how it fits into the bigger picture of our product.",True
721,"Uh, what is most important in a in a remote control?",Ideate,"[facilitator]: Appendix. See there's a role for everybody. | [facilitator]: Even for the marketing. But look at your role, your marketing role. | [facilitator]: Yeah, that's your role. Mm. | [facilitator]: Yes. Mm-hmm. Need to collect information. | [facilitator]: Um. I I'm part of design, perhaps.",False,42,"Let's take a step back, what if we're not just looking at roles, but also at the assumptions we're making about who's responsible for what in this project?",True,"Can you tell me, what specifically in your role as a marketer sparks your interest in this project, and how might that spark influence your approach to the design challenge?",True,Can we pause for a moment and define what it means to be 'part of design' in this project?,True
772,"Otherwise it's just saying I'm the secretary and I'm therefore I'm taking the minutes, s so just to go um just real briefly to go over minutes from last meeting, uh, I will open them slowly, no?",Ideate,"[facilitator]: All set? Cool. Alright, it is PowerPoint time. | [facilitator]: I've done more PowerPoints in this particular experiment than I've ever done in my life before this experiment which is kind of fun. | [facilitator]: So uh here we have our detailed design meeting where we will um look at the prototype and um right so um, I finally figured out what this whole second bullet point is about in my that my coach was sending to me. | [facilitator]: It means I'm supposed to read the minutes from the previous meeting. | [facilitator]: I think. I don't know.",False,42,Let's take a step back and clarify our goals for this meeting. What are the top three things we need to discuss or decide about the prototype today?,True,"Let's take a step back from the minutes and the PowerPoint for a moment. What are we hoping to achieve in this meeting, and what's the most important thing we need to discuss or decide on today?",True,"Let's take a brief pause to reflect on how we're spending our time together as a team. How might we use this meeting to discuss the design decisions we've made, rather than reviewing meeting notes from last time?",True
830,"At the same time, it is m more uh like it would be more interesting for people who are having this R_S_I_ and all problem.",Prototype/Evaluate,"[facilitator]: Yeah it's uh Yeah we we can give a preference to them, but it is but with plastic or the rubber or whatever it is it's much better with that rather than going for Yeah. | [facilitator]: Yeah. Yea Okay. Yeah sure. | [facilitator]: Yeah we will uh Yeah. | [facilitator]: Uh. Yeah.. Okay. We can give them smooth keys, you know. | [facilitator]: Smooth keys with bigger s uh So that you know The the problem most of the time we've seen, the keys is that it's small, and every time we have to be very but if i the if we if we go to a different ways of designing those keys, then you can merge them together to Oh you can actually, for example, if you see, they are they are they are quite small over here, and uh now you can, for example, as I was if you make them big, it may change the look of the thing also to the people.",False,42,"Let's take a step back and explore what we're trying to achieve here. Are we prioritizing ease of use, aesthetics, or something else when considering the size and design of the keys?",True,Let's park the idea of making the keys bigger for a moment. How might the design of the keys be influenced if the primary users of this product are people with limited dexterity or those who prefer to interact with the device using only their thumbs?,True,"Wait, let's not focus on just making the keys bigger, what if we asked, 'What's the smallest key size that still allows for comfortable typing and meets our user's needs?'",True
863,Good job. Alright what's next in our agenda?,Ideate,"[facilitator]: Right. Hmm. Yeah. Great. Okay. | [facilitator]: Okay. And did you determine um the curvature of the bottom part of it for the hand, is it gonna be a single or a double? | [facilitator]: Single. Single sounds good, 'cause it's not big enough to really constitute a double. | [facilitator]: Great. Great. I think you did an awesome job. | [facilitator]: It is beautiful, and it's everything that we discussed.",False,42,"Let's take a step back and imagine we're holding this product in our hands - what are the first things that come to mind when you think about how it feels, and what kind of experience do you want users to have when they interact with it?",True,"Let's take a step back and look at this design as a tool, not just a beautiful object - what are the first tasks or experiences that this will be used for, and how might its design need to change to support those needs?",True,"What if we were to flip the script and design the experience of holding this object, rather than designing the object itself?",True
918,Okay. Good afternoon again. So we should have our final meeting about the detail designed of detail design of the product of the remote control.,Ideate,"[designer]: And you said the lowest. | [designer]: Yeah, for the batteries Mm-hmm. | [designer]: So more general remote control instead of just focusing on uh on T_V_. | [designer]: The complexity shouldn't be much higher. | [designer]: For you said if it good for D_V_D_ then I would Bye.",False,42,Let's clarify what you mean by 'good for D_V_D_'. What specific aspects of the design would make it suitable for this particular use case?,True,"Let's untangle that conversation. What if we started by clarifying what 'good for D_V_D_' means to us, rather than assuming we already know what that looks like?",True,"Can you take a step back and restate the goal we're trying to achieve with this design, in a way that's not tied to the comparison with D_V_D_?",True
919,Then we'll have to go through finance evaluation of the of the cost of the thing and um hopefully uh we should fit the target o tw of twelve point five uh uh Euro.,Ideate,"[designer]: For you said if it good for D_V_D_ then I would Bye. | [facilitator]: Okay. Good afternoon again. So we should have our final meeting about the detail designed of detail design of the product of the remote control. | [facilitator]: Um So here is the agenda for today. | [facilitator]: Uh uh just going to go quickly through the minutes of the last last uh meeting then we have a p presentation of prototype of you two, sounds interesting. | [facilitator]: And we'll have um presentation of evaluation crit criteria by ou our Marketing Experts.",False,42,"Before we dive into the agenda, can you each take a moment to reflect on what you're hoping to achieve or learn from this final meeting about the remote control's detail design?",True,Let's take a step back from the agenda for a moment. What are we hoping to achieve or learn from this final meeting that we couldn't from the previous ones?,True,"Before we dive into the agenda, can you help me understand what's at stake if we don't get this remote control design just right - what's the potential consequence for D_V_D_ if our design doesn't meet their needs?",True
920,Mm-hmm. What's the use uh of the t turbo button already?,Ideate,"[facilitator]: No L_C_D_, no speech recognition technology, okay, we went through a b to a banana look and feel for the remote control. | [facilitator]: We went through the use of wheels and but buttons. | [facilitator]: And also the use of a basis station for battery ch charging and uh also to um call the to call the mot mote remote control when it is lost. | [facilitator]: Okay. Um. Good. So guys let this uh wonderful thing. | [facilitator]: Oh yeah. Sorry. Um. Which is Yeah can you show it to the the camera maybe.",False,42,"Let's pause on the idea of a base station for charging and tracking the remote control. What if we flipped the problem on its head – instead of the remote control finding its way back to the base station, what if the base station came to the remote control?",True,"Let's take a step back, what's the core problem we're trying to solve with this remote control design? Is it about user experience, accessibility, or something else entirely?",True,"Let's put the ""wonderful thing"" aside for now and focus on the challenges we've been trying to solve – what are the top pain points our users still have, even after exploring these different design concepts?",True
933,"Uh teletext but we can skip that because I saw the newsflash, and teletext is so outdated that it it's i should not be used uh any more in the future.",Ideate,"[facilitator]: I mean if you can't control the the sound settings I mean if you dislike a very uh loud bass or something, you you need to change that. | [facilitator]: So um yeah we have to. | [facilitator]: We c we c Yeah I mean w we can't my my T_V_ has, but we we can leave them uh away. | [facilitator]: Uh most relevant, uh most used functions, uh they speak for themselves I guess. | [facilitator]: Uh power button, uh channel, volume selection.",False,42,Let's step back from the specific features of the TV and explore the underlying goal - what is the team trying to achieve by making the most used functions more prominent?,True,"Can we assume that the loud bass is a problem, but let's explore: what if the loud bass is actually a feature that some people value? How might we design for both people who want to control the sound settings and those who don't?",True,"Can we clarify what it means for the product to ""speak for itself"" through its most used functions, and what kind of user experience that would imply?",True
966,"Like you said uh teletext is not not very popular anymore because the uh the internet, nowadays people don't use the teletext anymore or hardly, so it can either Well, I don't think we should remove the button, because there are always people who are using it.",Ideate,"[facilitator]: Okay. Yeah, okay. So you have Mm-hmm. | [facilitator]: Okay. Okay. That was it? | [facilitator]: I'll get back to my thing then. | [facilitator]: Uh Okay, back this up to the screen. | [facilitator]: So I got some new information on the project specifications are changing a little.",False,42,Let's pause for a moment and clarify what we're hearing about these changes in project specifications - what are the implications for our design work so far?,True,Let's pause the discussion about the changing specifications for a moment. Can you help me understand what's most surprising or concerning about this change for the team?,True,"What specific changes in the project specifications are causing us to re-examine our current design approach, and how might those changes impact our goals and assumptions about the final product?",True
967,But I don't think it should be very it should be one of the big buttons for example.,Ideate,"[facilitator]: Okay. Okay. That was it? | [facilitator]: I'll get back to my thing then. | [facilitator]: Uh Okay, back this up to the screen. | [facilitator]: So I got some new information on the project specifications are changing a little. | [facilitator]: Like you said uh teletext is not not very popular anymore because the uh the internet, nowadays people don't use the teletext anymore or hardly, so it can either Well, I don't think we should remove the button, because there are always people who are using it.",False,42,"Let's pause for a moment and acknowledge that our initial assumption about teletext being a widely used feature might be incorrect. Can we explore what we're trying to achieve with this button, and whether there are other ways to meet that goal that don't rely on a feature that's no longer in use?",True,"Let's pause for a moment, what assumptions are we making about our users by deciding to keep the teletext button, and what other possibilities might we be overlooking?",True,"Let's pause on the idea that people are still using teletext. Can you imagine a scenario where someone is using teletext, and they're having a great experience with our product? What might be the characteristics of that person and that experience?",True
968,"So With that concept I started thinking, so why not just steal Nokia's idea and just make changeable covers for your I mean those cost hardly anything I think, and people could even spend extra money on buying a cover and so have an entire new remote control that they like to see.",Ideate,"[facilitator]: It's not important anymore. Um we're targeting young people now, because our um This is a new product and with this new product we want to appeal to younger people, which are um the younger people were defined under forty. | [facilitator]: I so I think it's that's also good with the fashion and everything, so yeah. | [facilitator]: They want to pay for it, people are willing to spend money actually to buy a um remote that they like. | [facilitator]: If they like the way it looks, the way it functions, so they're actually gonna spend uh spend money on it. | [facilitator]: Yeah. see how far we can go with it anyway, so And one thing that should be important is that the corporate l colour and slogan are recognisable, which is apparently black and yellow, but I'm not sure if we I think we should keep the the logo in mind, because with colours you can uh have a lot of uh fashionable colours and everything on it, which suits everybody's taste.",False,42,"Let's clarify what we mean by ""appealing to younger people."" Are we trying to appeal to their sense of style, their desire for innovation, or something else entirely?",True,"Let's put the logo and corporate color guidelines aside for a moment, and imagine we're starting from scratch - what are the key characteristics of a 'young' person that we want our product to resonate with, beyond just the age range?",True,"Wait, let's unpack the assumption that young people under 40 are our target market just because it's a new product. What does research or data say about this assumption, and are there other potential target markets we're not considering?",True
969,"That's just a little marketing idea that could be applied, so you can p it appeals to really everyone.",Ideate,"[facilitator]: If they like the way it looks, the way it functions, so they're actually gonna spend uh spend money on it. | [facilitator]: Yeah. see how far we can go with it anyway, so And one thing that should be important is that the corporate l colour and slogan are recognisable, which is apparently black and yellow, but I'm not sure if we I think we should keep the the logo in mind, because with colours you can uh have a lot of uh fashionable colours and everything on it, which suits everybody's taste. | [facilitator]: So With that concept I started thinking, so why not just steal Nokia's idea and just make changeable covers for your I mean those cost hardly anything I think, and people could even spend extra money on buying a cover and so have an entire new remote control that they like to see. | [facilitator]: Or we can sh for example we can make a different a basic design. | [facilitator]: And sell the covers separately, for example.",False,42,"Let's pause for a moment on the idea of changeable covers. What if we flipped that idea on its head - instead of the covers changing, what if the product itself changed, and the covers were just a static reflection of that?",True,"Let's take a step back and clarify the primary goal here: are we trying to create a product that stands out with a unique design, or are we looking to offer customization options that appeal to a wide range of users?",True,"Let's pause on the idea of changing the cover, I'm curious, what do you think is the appeal of a new, changeable cover for someone who's initially drawn to the product's design, but isn't necessarily sold on the current color or aesthetic?",True
970,So that was that was my idea on what we could do to appeal this product to everyone.,Ideate,"[facilitator]: Or we can sh for example we can make a different a basic design. | [facilitator]: And sell the covers separately, for example. | [facilitator]: That's just a little marketing idea that could be applied, so you can p it appeals to really everyone. | [facilitator]: So you don't have to I think you don't have to make entire remote controls. | [facilitator]: We make a basic one and manufacture this cover separately.",False,42,"Let's take a step back, what if instead of selling separate covers, we were to design a product that allows users to easily customize and upgrade their remote controls over time, rather than just changing the cover?",True,"Let's explore what's driving the desire to sell covers separately - is it about creating more design options for customers, or is it about reducing production costs and increasing profit margins?",True,"What if we didn't just stop at making the basic remote control and a separate cover, but actually used the cover as a mechanism to add more functionality to the device itself?",True
971,"Okay. Oh yeah. I think we should lose the L_C_D_ screen, like you said.",Ideate,"[facilitator]: So you don't have to I think you don't have to make entire remote controls. | [facilitator]: We make a basic one and manufacture this cover separately. | [facilitator]: So that was that was my idea on what we could do to appeal this product to everyone. | [facilitator]: So just I'm not sure if you came up with anything in the meantime, after making a presentation. | [facilitator]: Would you like to share?",False,42,Let's take a step back and explore what's driving the idea of separating the remote control and its cover. What are the benefits or pain points that led us to consider this approach in the first place?,True,"Let's park the idea of making a separate cover for now, and instead, can you tell me what you think is the most frustrating or annoying part about the current remote control that you'd like to see changed?",True,"I'd love to hear what ideas have been simmering since the presentation, but I'm also curious, what would be the most compelling reason to manufacture the cover separately, rather than as an integrated part of the remote control?",True
972,"What we could do, what could be possible, is maybe not an L_C_D_ screen but with a preview, but y I'm not sure if it's even possible.",Ideate,"[facilitator]: Would you like to share? | [facilitator]: Okay. Oh yeah. I think we should lose the L_C_D_ screen, like you said. | [facilitator]: I think for example it's it's huge I think the L_C_D_ is huge, it consumes batteries like hell. | [facilitator]: I think it takes up a lot of a lot of power. | [facilitator]: It costs a lot, I think.",False,42,"Let's assume the L_C_D_ screen is a crucial feature for the product's primary function, and we're not considering removing it entirely. What if we were to reduce the L_C_D_ screen's functionality, rather than eliminating it, to make it more power-efficient?",True,"Let's assume we're not just thinking about this product, but also the ecosystem around it - what might be the ripple effects of eliminating the L_C_D_ screen, and how might that impact our users or the business model?",True,"What if the L_C_D_ screen were not just a feature, but a reflection of a deeper user need that we're trying to address? What need are we trying to satisfy by including this feature?",True
973,"I'm not sure it's even possible, but maybe okay, make it Yeah, find a little compromise in that, but What did I write down?",Ideate,"[facilitator]: I think it takes up a lot of a lot of power. | [facilitator]: It costs a lot, I think. | [facilitator]: What we could do, what could be possible, is maybe not an L_C_D_ screen but with a preview, but y I'm not sure if it's even possible. | [facilitator]: For example, a little T_V_ guide. | [facilitator]: Like you have a little just just a text only, not colour, just a little text thing so you can use your remote as a T_V_ guide.",False,42,"Let's explore the idea of a text-only TV guide further - what would be the most important information for users to see in that guide, and how might that information be prioritized?",True,"Let's imagine you've decided on this text-only remote guide idea, but you're not sure what kind of text it would be. Would it be instructions, a menu, or something else entirely?",True,"Let's explore what we're trying to avoid by not using an L_C_D_ screen: what would be the consequences or limitations of a ""little text thing"" as a TV guide, and how might that impact the user experience?",True
974,"Uh speech recognition. I thin Yeah, I mean where else should you put it?",Ideate,"[facilitator]: For example, a little T_V_ guide. | [facilitator]: Like you have a little just just a text only, not colour, just a little text thing so you can use your remote as a T_V_ guide. | [facilitator]: I'm not sure it's even possible, but maybe okay, make it Yeah, find a little compromise in that, but What did I write down? | [facilitator]: I think the p yeah, the beep is a very simple thing to imple implement, just make a button on your T_V_ and just hit the button, it beeps somewhere. | [facilitator]: I think it's easy to implement, we should go for that.",False,42,"Let's pause on the idea of a button that beeps. What if instead of a button, we designed a system that provides a gentle, subtle cue when the TV is on, without requiring any additional buttons or interactions?",True,"Let's pause on the idea of a beeping button - what if instead of just making a sound, it could communicate the TV's status in a way that's more intuitive for our user?",True,"Let's pause on the idea of a simple button to trigger a beep, what might we be sacrificing by implementing this solution, and what needs might not be met as a result?",True
975,"Yeah, but how are you gonna use that if your I mean if your remote control is lost, how are you gonna press where are you gonna press the button?",Ideate,"[facilitator]: Like you have a little just just a text only, not colour, just a little text thing so you can use your remote as a T_V_ guide. | [facilitator]: I'm not sure it's even possible, but maybe okay, make it Yeah, find a little compromise in that, but What did I write down? | [facilitator]: I think the p yeah, the beep is a very simple thing to imple implement, just make a button on your T_V_ and just hit the button, it beeps somewhere. | [facilitator]: I think it's easy to implement, we should go for that. | [facilitator]: Uh speech recognition. I thin Yeah, I mean where else should you put it?",False,42,Let's take a step back and explore the underlying need behind this feature - what's the pain point or challenge that you're trying to address with this text-based guide and the beep sound?,True,"Let's challenge that assumption about the beep being easy to implement - what if the simplicity of the beep actually comes from a different place, like the user experience rather than the technical implementation?",True,"Let's pause on that beep idea - what would happen if we took the beep and made it not just a confirmation, but an integral part of the experience itself, rather than just a step towards something else?",True
976,"I think it's universal. I think we should go for universal, because apparently we're a separate company making separate c remote controls to sell to a lot of diverse people.",Ideate,"[facilitator]: Uh speech recognition. I thin Yeah, I mean where else should you put it? | [facilitator]: Yeah, but how are you gonna use that if your I mean if your remote control is lost, how are you gonna press where are you gonna press the button? | [facilitator]: A slap-on sticker. Oh, you mean as like a separate thing you can attach to your T_V_. | [facilitator]: Yeah, that could be possible. | [facilitator]: A little little box you can attach to your T_V_ is fine then, okay.",False,42,"Let's take a step back and explore the assumption that a separate device or sticker is the only solution for a lost remote control. What if the TV itself could somehow adapt to a new way of interacting, rather than relying on a separate device or sticker?",True,Let's imagine a world where the device with speech recognition is already integrated into the TV itself - what features or interactions would we need to redesign or simplify in order to make the TV more intuitive and user-friendly?,True,"Wait, let's hold off on designing a specific solution, like a box or a sticker. Instead, let's talk about what needs to be true for speech recognition to work in this scenario, without worrying about the 'how' - what are the essential conditions that have to be met?",True
977,"It's Yeah. It's not a mature technology, I think it takes a lot of memory and everything in in a remote control, so I don't think it should be implemented in a remote control yet uh.",Ideate,"[facilitator]: I think universal remote control should be possible. | [facilitator]: Yeah, I think we're targeting everyone, so remote Okay, universal is good. | [facilitator]: Speech recognition, I think it's very hard, because we're selling across multiple countries. | [facilitator]: So I think implementing speech recognition is such a small um apparatus, it's very hard to do. | [facilitator]: Yeah, but I don't see Arabian people speaking one, two uh whatever.",False,42,"Let's set aside the assumption that speech recognition is only feasible with a single language, and instead, imagine a scenario where our universal remote control is used by people from diverse linguistic backgrounds. How might we design the interface to be accessible and usable for individuals who may not speak the dominant language of our target market?",True,"What if we were to design a universal remote control that doesn't rely on speech recognition, but instead uses a different interface that doesn't require language proficiency, such as visual or gesture-based controls?",True,Let's park the speech recognition conversation for a moment and talk about the assumption that everyone speaks different languages. What if we don't design for language at all - what would a universal remote control look like that didn't rely on voice commands?,True
978,Um well you should you should look into the in into the materials that are real durable.,Ideate,"[facilitator]: Speech recognition, I think it's very hard, because we're selling across multiple countries. | [facilitator]: So I think implementing speech recognition is such a small um apparatus, it's very hard to do. | [facilitator]: Yeah, but I don't see Arabian people speaking one, two uh whatever. | [facilitator]: It's Yeah. It's not a mature technology, I think it takes a lot of memory and everything in in a remote control, so I don't think it should be implemented in a remote control yet uh. | [facilitator]: What else do we have?",False,42,"Let's put aside the technical challenges for a moment. What if we were to design a remote control that didn't rely on speech recognition, but instead used a different input method that would work across multiple countries and languages?",True,"Let's park the speech recognition discussion for now. Instead, can you imagine a user in each of the countries we're selling in, trying to use our product without speech recognition - what are some of the biggest pain points or obstacles they might encounter?",True,What are the top three challenges we're facing that are leading us to consider excluding speech recognition from the remote control?,True
979,"Let's see. For example? Well, we're not we're not targeting older people, we should remember that.",Ideate,"[facilitator]: It's Yeah. It's not a mature technology, I think it takes a lot of memory and everything in in a remote control, so I don't think it should be implemented in a remote control yet uh. | [facilitator]: What else do we have? | [facilitator]: Um well you should you should look into the in into the materials that are real durable. | [facilitator]: So the the the symbols won't fade, maybe a little harder plastic or especially li we don't maybe we don't have have to do all the buttons, but especially the ones that are um the popular buttons, so those always fade first. | [facilitator]: Mm the thing is the most important things that we have now.",False,42,"Let's pause on the idea of durability. What if the remote control's lifespan isn't just about the physical buttons, but also about the user's experience with the device over time?",True,"Let's pause on the durability aspect for a moment. Instead of focusing on the specific materials or design elements, what kind of experience do we want the user to have when interacting with our remote control, even after repeated use?",True,Let's challenge the assumption that durability is the only reason for using harder plastic; what other benefits or trade-offs might we consider when thinking about the type of plastic to use?,True
1020,"Like you said uh teletext is not not very popular anymore because the uh the internet, nowadays people don't use the teletext anymore or hardly, so it can either Well, I don't think we should remove the button, because there are always people who are using it.",Ideate,"[facilitator]: Okay. Yeah, okay. So you have Mm-hmm. | [facilitator]: Okay. Okay. That was it? | [facilitator]: I'll get back to my thing then. | [facilitator]: Uh Okay, back this up to the screen. | [facilitator]: So I got some new information on the project specifications are changing a little.",False,42,Let's pause for a moment and acknowledge that the project specifications are changing. How might this shift impact our initial assumptions about the product's purpose and target audience?,True,Can you all take a moment to refresh your understanding of the project's overall goals and objectives in light of these new specification changes?,True,Let's park the new information for a moment and focus on the current state of our design – what are the top three assumptions we're making about this project right now that we need to hold onto as we navigate the changing specifications?,True
1021,But I don't think it should be very it should be one of the big buttons for example.,Ideate,"[facilitator]: Okay. Okay. That was it? | [facilitator]: I'll get back to my thing then. | [facilitator]: Uh Okay, back this up to the screen. | [facilitator]: So I got some new information on the project specifications are changing a little. | [facilitator]: Like you said uh teletext is not not very popular anymore because the uh the internet, nowadays people don't use the teletext anymore or hardly, so it can either Well, I don't think we should remove the button, because there are always people who are using it.",False,42,"Let's pause for a moment and acknowledge that our initial assumption about teletext usage might not be accurate. Can we explore what we're trying to achieve with the button, rather than just preserving it because some people might use it?",True,"Let's pause and acknowledge that our assumption about the teletext user base might be outdated. Can we consider what other factors, besides its popularity, might be influencing our decision to keep the button?",True,"Let's hold off on debating the button's removal for now, and instead, imagine a world where the teletext button isn't needed because it's not being used. How might that change our design approach and the overall user experience?",True
1022,"So With that concept I started thinking, so why not just steal Nokia's idea and just make changeable covers for your I mean those cost hardly anything I think, and people could even spend extra money on buying a cover and so have an entire new remote control that they like to see.",Ideate,"[facilitator]: It's not important anymore. Um we're targeting young people now, because our um This is a new product and with this new product we want to appeal to younger people, which are um the younger people were defined under forty. | [facilitator]: I so I think it's that's also good with the fashion and everything, so yeah. | [facilitator]: They want to pay for it, people are willing to spend money actually to buy a um remote that they like. | [facilitator]: If they like the way it looks, the way it functions, so they're actually gonna spend uh spend money on it. | [facilitator]: Yeah. see how far we can go with it anyway, so And one thing that should be important is that the corporate l colour and slogan are recognisable, which is apparently black and yellow, but I'm not sure if we I think we should keep the the logo in mind, because with colours you can uh have a lot of uh fashionable colours and everything on it, which suits everybody's taste.",False,42,"Let's pause on the idea that the product's appeal lies in its fashionability and the willingness of young people to spend money on it. How might we challenge the assumption that fashionability is the primary driver of this product's appeal, and what other values or needs might be at play for our target audience?",True,"Let's pause on the idea that the product needs to appeal to a younger audience. What if we're not designing for a specific age group, but rather for people who value a certain aesthetic or attitude?",True,"Let's set the logo and branding decisions aside for now, and instead, focus on what young people mean to this product – are we trying to appeal to their values, behaviors, or something else that makes them uniquely different from our previous target audience?",True
1023,"That's just a little marketing idea that could be applied, so you can p it appeals to really everyone.",Ideate,"[facilitator]: If they like the way it looks, the way it functions, so they're actually gonna spend uh spend money on it. | [facilitator]: Yeah. see how far we can go with it anyway, so And one thing that should be important is that the corporate l colour and slogan are recognisable, which is apparently black and yellow, but I'm not sure if we I think we should keep the the logo in mind, because with colours you can uh have a lot of uh fashionable colours and everything on it, which suits everybody's taste. | [facilitator]: So With that concept I started thinking, so why not just steal Nokia's idea and just make changeable covers for your I mean those cost hardly anything I think, and people could even spend extra money on buying a cover and so have an entire new remote control that they like to see. | [facilitator]: Or we can sh for example we can make a different a basic design. | [facilitator]: And sell the covers separately, for example.",False,42,"Let's pause for a moment and explore the idea of ""stealing"" Nokia's concept. What if we didn't just copy their idea, but instead, asked ourselves what problem Nokia's changeable covers were trying to solve, and how we could apply that same thinking to our own product?",True,"Let's pause on the idea of changeable covers for a moment, what if the covers weren't just physical but also reflected the user's personality or interests, rather than just being a fashion statement?",True,"Let's not think about copying or modifying other products just yet. What if we started by exploring the essence of our product, beyond its aesthetics or functionality, and asked ourselves, ""What unique experiences or emotions do we want our users to have when interacting with it?""",True
1024,So that was that was my idea on what we could do to appeal this product to everyone.,Ideate,"[facilitator]: Or we can sh for example we can make a different a basic design. | [facilitator]: And sell the covers separately, for example. | [facilitator]: That's just a little marketing idea that could be applied, so you can p it appeals to really everyone. | [facilitator]: So you don't have to I think you don't have to make entire remote controls. | [facilitator]: We make a basic one and manufacture this cover separately.",False,42,"Let's take a step back and ask, what's the primary goal we're trying to achieve with this modular design approach - is it to reduce production costs, increase customization options, or something else entirely?",True,"Let's flip that idea around - what if we didn't just stop at making a basic remote control and selling custom covers, but instead started with a blank slate, and asked our users to design their own perfect remote control from the ground up?",True,"Let's take a step back, though - what problem are we trying to solve by separating the design and the covers? Is it to make the product more affordable, or to offer customers more choices?",True
1025,"Okay. Oh yeah. I think we should lose the L_C_D_ screen, like you said.",Ideate,"[facilitator]: So you don't have to I think you don't have to make entire remote controls. | [facilitator]: We make a basic one and manufacture this cover separately. | [facilitator]: So that was that was my idea on what we could do to appeal this product to everyone. | [facilitator]: So just I'm not sure if you came up with anything in the meantime, after making a presentation. | [facilitator]: Would you like to share?",False,42,"Let's pause on that idea of manufacturing the cover separately. What are the potential benefits and drawbacks of having two separate components versus a single, integrated product?",True,Let's park the idea of separate components for now. What if we were to assume that the entire remote control had to be made in one piece - what would be the benefits or drawbacks of that approach?,True,Let's park the idea of separate manufacturing for now and take a step back – what's the core pain point or challenge we're trying to solve for our users with this new product design?,True
1026,"What we could do, what could be possible, is maybe not an L_C_D_ screen but with a preview, but y I'm not sure if it's even possible.",Ideate,"[facilitator]: Would you like to share? | [facilitator]: Okay. Oh yeah. I think we should lose the L_C_D_ screen, like you said. | [facilitator]: I think for example it's it's huge I think the L_C_D_ is huge, it consumes batteries like hell. | [facilitator]: I think it takes up a lot of a lot of power. | [facilitator]: It costs a lot, I think.",False,42,"What if we were to assume that the L_C_D_ screen is a non-negotiable requirement, and we need to find ways to make it work within our constraints, rather than eliminating it altogether?",True,"Let's explore what we mean by ""huge"" and ""consumes batteries like hell"" - what specific behaviors or experiences of the L_C_D_ screen are driving those feelings?",True,"What if the goal was not to remove the screen, but to make it so energy-efficient that it becomes a non-issue in terms of power consumption and cost?",True
1028,"Uh speech recognition. I thin Yeah, I mean where else should you put it?",Ideate,"[facilitator]: For example, a little T_V_ guide. | [facilitator]: Like you have a little just just a text only, not colour, just a little text thing so you can use your remote as a T_V_ guide. | [facilitator]: I'm not sure it's even possible, but maybe okay, make it Yeah, find a little compromise in that, but What did I write down? | [facilitator]: I think the p yeah, the beep is a very simple thing to imple implement, just make a button on your T_V_ and just hit the button, it beeps somewhere. | [facilitator]: I think it's easy to implement, we should go for that.",False,42,"Let's pause on the idea of a button that makes a sound. What if instead of a button, we had a feature that automatically turned on the TV's audio description or closed captions when the user selects the guide?",True,"Let's pause the idea of the button and the beep for a moment, and instead imagine you're the person with visual impairment using this TV - how would you want to interact with it in a way that feels intuitive and easy to use?",True,"Let's pause on the idea of a button that beeps, what if the beeping isn't just a sound, but also a vibration, how might that enhance the experience for users who are blind or have low vision?",True
1029,"Yeah, but how are you gonna use that if your I mean if your remote control is lost, how are you gonna press where are you gonna press the button?",Ideate,"[facilitator]: Like you have a little just just a text only, not colour, just a little text thing so you can use your remote as a T_V_ guide. | [facilitator]: I'm not sure it's even possible, but maybe okay, make it Yeah, find a little compromise in that, but What did I write down? | [facilitator]: I think the p yeah, the beep is a very simple thing to imple implement, just make a button on your T_V_ and just hit the button, it beeps somewhere. | [facilitator]: I think it's easy to implement, we should go for that. | [facilitator]: Uh speech recognition. I thin Yeah, I mean where else should you put it?",False,42,"Let's take a step back and reframe the challenge: instead of focusing on the specific solution of a beep, what are the underlying needs or pain points that we're trying to address with this feature?",True,"Let's hold on to the idea of the beep, but instead of it being a simple button on the TV, what if the TV itself could produce the sound, like a speaker built into the device?",True,"What would happen if, instead of using a remote or a button, the system was able to detect when someone is actually trying to change the channel or control the TV, and then provide the audio cues automatically?",True
1030,"I think it's universal. I think we should go for universal, because apparently we're a separate company making separate c remote controls to sell to a lot of diverse people.",Ideate,"[facilitator]: Uh speech recognition. I thin Yeah, I mean where else should you put it? | [facilitator]: Yeah, but how are you gonna use that if your I mean if your remote control is lost, how are you gonna press where are you gonna press the button? | [facilitator]: A slap-on sticker. Oh, you mean as like a separate thing you can attach to your T_V_. | [facilitator]: Yeah, that could be possible. | [facilitator]: A little little box you can attach to your T_V_ is fine then, okay.",False,42,"Let's pause on the idea of a separate sticker or box - what if we were to embed the speech recognition technology directly into the TV itself, rather than having it as a separate accessory?",True,"Let's pause on the idea of a separate box or sticker. What if we flip the question around: instead of finding a place for speech recognition, what if we designed the TV itself to be the device that's always listening?",True,"Let's hold off on designing a device, what if the voice control functionality was integrated directly into the TV's menu system, rather than having a separate device or sticker?",True
1031,"It's Yeah. It's not a mature technology, I think it takes a lot of memory and everything in in a remote control, so I don't think it should be implemented in a remote control yet uh.",Ideate,"[facilitator]: I think universal remote control should be possible. | [facilitator]: Yeah, I think we're targeting everyone, so remote Okay, universal is good. | [facilitator]: Speech recognition, I think it's very hard, because we're selling across multiple countries. | [facilitator]: So I think implementing speech recognition is such a small um apparatus, it's very hard to do. | [facilitator]: Yeah, but I don't see Arabian people speaking one, two uh whatever.",False,42,"Let's explore the assumption that speech recognition would require a single, universal language. What if we were to design a universal remote control that could adapt to different languages and dialects, rather than assuming a single language?",True,"What if we're not thinking about language, but about the sounds people make when they're frustrated with their current remote controls?",True,Let's assume speech recognition is not a feasible solution for now. What if we were to design a remote control that didn't require language at all - what kinds of interfaces or interactions could we use that would be universally accessible?,True
1032,Um well you should you should look into the in into the materials that are real durable.,Ideate,"[facilitator]: Speech recognition, I think it's very hard, because we're selling across multiple countries. | [facilitator]: So I think implementing speech recognition is such a small um apparatus, it's very hard to do. | [facilitator]: Yeah, but I don't see Arabian people speaking one, two uh whatever. | [facilitator]: It's Yeah. It's not a mature technology, I think it takes a lot of memory and everything in in a remote control, so I don't think it should be implemented in a remote control yet uh. | [facilitator]: What else do we have?",False,42,"Let's put aside the technical challenges for a moment. What if we were to design a remote control that didn't require speech recognition, but instead used a different input method that would be just as effective for users in multiple countries?",True,"Let's assume the remote control is a crucial interface for our users, so what would happen if we didn't have speech recognition, but instead, invested in developing an intuitive and user-friendly on-screen interface that could adapt to different languages and cultures?",True,Let's set aside the feasibility of speech recognition in this context for a moment. What if we started by exploring the specific needs or pain points we're trying to address with speech recognition in the first place?,True
1033,"Let's see. For example? Well, we're not we're not targeting older people, we should remember that.",Ideate,"[facilitator]: It's Yeah. It's not a mature technology, I think it takes a lot of memory and everything in in a remote control, so I don't think it should be implemented in a remote control yet uh. | [facilitator]: What else do we have? | [facilitator]: Um well you should you should look into the in into the materials that are real durable. | [facilitator]: So the the the symbols won't fade, maybe a little harder plastic or especially li we don't maybe we don't have have to do all the buttons, but especially the ones that are um the popular buttons, so those always fade first. | [facilitator]: Mm the thing is the most important things that we have now.",False,42,"Let's pause on the idea of prioritizing the most important features and symbols on the remote control. What if we were to imagine a scenario where the entire remote control is replaced by a single, essential button - what would that button control, and what would be the implications of such a design?",True,Let's separate the conversation into two parts: the technical feasibility of the feature and the design of the remote control. Which one would you like to focus on first?,True,Let's take a step back and explore the assumption that we can't implement this technology in a remote control yet. What are the specific limitations or constraints that lead us to believe it's not feasible at this time?,True
1039,"Mm-hmm. Yeah. Yeah I think it should be a little distinct from everything else, because it's either it's both mayb maybe the shape can be a little different.",Prototype/Evaluate,"[facilitator]: I think there's I think there is a standard for example between uh because usually the the menu is the menu button is is usable between different brands. | [facilitator]: Especially the big ones, the big brands, so. 'Cause everybody I have a universal remote control and it can use the menu button, so I think I'm not sure, if you can put some research into that, if it's possible. | [facilitator]: Uh I think just a b and the navigation is very basic, it's usually the same thing. | [facilitator]: Yeah. Yeah, that's true. I think so uh we need to put some research into that if if we can open the menu, I think it's possible, just the way how to. | [facilitator]: Yeah, then then you could do everything I suppose, because usually the T_V_s have tha that inside in this other little piece of software, so it's okay.",False,42,Let's pause on the idea of a universal remote control. What if the menu button isn't the only thing that's universal - what else could be standardized across different brands that we could leverage in our design?,True,"Let's clarify what we're trying to achieve here. Instead of focusing on how other brands do it, what are the specific usability goals we want to meet with our menu navigation?",True,Let's hold off on assuming universality across brands for now. Can we instead explore what would be the consequences if we chose to diverge from industry standards and develop a unique menu system?,True
1051,"Well, for that is it's on one part it's um it's a good thing to recharge it Maybe we should what what could be possible is one with rechargeable batteries for example.",Prototype/Evaluate,"[facilitator]: No, because it Yeah, people are accustomed to that, it's Can I have that? | [facilitator]: That's j Take this out and here see Uh are we gonna take triangles anyway? | [facilitator]: I'm drawing triangles, but Yeah, it's maybe a bigger lesser than thing. | [facilitator]: So anyway, I think this is should be the channels and or sh Here, okay. | [facilitator]: Okay, should we chan okay, this two, channel up and down.",False,42,"Let's take a step back and reframe what we're trying to achieve here. What if we're not designing a specific shape or feature, but rather a system or a process that this shape or feature is a part of?",True,Let's pause the drawing for a moment and talk about what we're trying to solve with this design. What's the primary challenge or opportunity that we're addressing with these triangles and channels?,True,"Let's step back from the drawing for a moment - what is the primary challenge we're trying to solve with this design, and what are the key user needs that this design should address?",True
1089,Or not. Okay so you can market pe depending on that?,Prototype/Evaluate,"[facilitator]: I'll bet first in volume maybe. | [facilitator]: I dunno. It's only a T_V_. | [facilitator]: Hmm. Mm-hmm. No it's just different. | [facilitator]: Maybe not. S Yeah. Yeah I think we have like and it's not very usable and it will bring down the robustness of the whole thing, 'cause it's it it breaks down easier. | [facilitator]: Mm-hmm. Yep. Yeah. Yeah. Okay so we'll come up with something between thirty five and fifty that is rug rubber, robust, with scroll wheel, with the new facilities of the scroll wheel like favourite stuff, favourite channels, and and with a cradle, and yeah and the locator.",False,42,Let's step back from the specific features we've listed and imagine we're designing this product from scratch for someone who's never seen a TV before - what are the most essential things they'd need to know how to do with it?,True,"Let's step back and explore what's driving the idea of a ""sweet spot"" between 35 and 50, rather than defining it by specific features. What are the underlying needs or goals that we're trying to balance with this product?",True,"Can you imagine we're not designing a product, but rather a completely new type of TV user experience – what are some aspects of the traditional TV viewing experience that we'd like to keep, and what are the things we'd be happy to see go?",True
1100,"No, one of the decisions we had to make was whether we had double A_ or triple A_ batteries 'cause they've still got to be charged this way haven't they?",Prototype/Evaluate,"[facilitator]: Sorry what does that stand for? | [facilitator]: Okay. No you'd hold it you don't if you flip it open then you'd be Wouldn't you? | [facilitator]: Isn't that the idea? You us if we just use the shell as an example again, you open that, you've got your L_C_D_ display there and you've got the buttons there so you're holding it in the palm of your hand, yeah. | [facilitator]: Mm-hmm. Mm-hmm. Hmm. Mm. Mm. | [facilitator]: Kinetic? Mm. Mm. Hmm. Yeah, we talked about kinetic charging, we've deci seem to have decided on that, did we decide on double A_ or triple A_ batteries?",False,42,Let's step back from the specific battery type for a moment and explore the underlying assumption that our device needs a battery at all. What if we were to design a device that didn't rely on traditional power sources?,True,Let's set aside the power source for a moment and focus on the user's experience when holding the device in their palm - what do you think they're trying to do with it at that point?,True,Let's park the battery discussion for now and explore what's driving our need for kinetic charging - is it a specific user pain point or a technical limitation that we're trying to work around?,True
1122,If you're all ready. So is the agenda?,Ideate,"[designer]: Mm. So, do we take these off? | [facilitator]: Mm-hmm? Okay. Ooh. Hmm. How do we sta wa how do we start? | [facilitator]: Does anybody know? So that's this Oh okay, right. | [facilitator]: Uh.. Hmm. Okay, just hang on a second everybody. | [facilitator]: I haven't actually looked at this yet. um I haven't looked at it, but let's just start it off and we'll see what happens.",False,42,"Let's take a step back and look at the whole thing together, rather than focusing on individual parts. Can we lay out the entire prototype on the table and take a look at it as a whole?",True,"Let's take a closer look at the materials you've got here, and I'm curious, what's the first thing that caught your attention about them?",True,Let's put the materials down for a minute and talk about what we're trying to achieve with this design - what's the goal we're working towards?,True
1123,"Tool training. Try out the whiteboard, every participant should draw their favourite animal and sum up their favourite characteristics of that animal.",Ideate,"[facilitator]: If you're all ready. So is the agenda? | [facilitator]: Opening, acquaintance, tool training and project plan, discussion and then closing. | [facilitator]: Project aim is a new remote control. | [facilitator]: It's original, uh trendy and it's user-friendly. | [facilitator]: Project method, functional design, individual work, another meeting, conceptual design, individual work, and a meeting of details design, individual work and a meeting.",False,42,"Let's take a step back and imagine we're not designing a remote control, but a magical device that can change one thing about the way people interact with their TVs. What would that one thing be?",True,"Before we dive into the project, can each of you share what comes to mind when you hear the words ""new remote control"" – what are your first associations, hopes, or concerns about this project?",True,"Let's imagine that our new remote control is already on the market. It's a huge success, but people are complaining about one thing in particular – what would that be?",True
1124,"Um. Uh Miss Industrial Designer, would you like to go first?",Ideate,"[facilitator]: Opening, acquaintance, tool training and project plan, discussion and then closing. | [facilitator]: Project aim is a new remote control. | [facilitator]: It's original, uh trendy and it's user-friendly. | [facilitator]: Project method, functional design, individual work, another meeting, conceptual design, individual work, and a meeting of details design, individual work and a meeting. | [facilitator]: Tool training. Try out the whiteboard, every participant should draw their favourite animal and sum up their favourite characteristics of that animal.",False,42,"Let's take a step back and explore what we mean by ""trendy"" in the context of our remote control. What are the characteristics or features that make a product feel trendy, and how might we incorporate those elements into our design?",True,"Now that we've warmed up with some creative drawing, let's shift gears and explore our remote control project further. Can each of you take a moment to silently think about what's the first thing that comes to mind when you hear the phrase ""remote control"" - what are your initial associations, hopes, or concerns?",True,"Let's take a step back and re-examine our starting point - the project aim of a new remote control. What if, instead of making something ""original"" and ""trendy,"" we were to focus on solving a specific pain point or need that users have with their current remotes? What problem could our new remote control help to solve?",True
1126,And Mister aesthetics designer do you wanna go next?,Ideate,"[facilitator]: Or put 'em in your pocket, yeah. | [facilitator]: Yeah, what's your favourite animal? | [facilitator]: Is it rude? That's a very good elephant. 'Kay, and you want to write up on there, it says you've gotta sum up your f f your favourite characteristics of that animal. | [facilitator]: Mm. Okay. Wonderful, well done. | [facilitator]: Do you want to use the wipe the m the wiper and wipe it off?",False,42,"Let's take a step back and look at the task sheet again, what are the key words or phrases that stand out to you about the characteristics we're supposed to be writing about?",True,"Let's take a step back and talk about what we're trying to accomplish here. What's the goal of this exercise, and how does it relate to the product we're designing?",True,What do we notice about our conversation that's causing us to veer off from talking about the design problem at hand?,True
1148,If you're all ready. So is the agenda?,Ideate,"[designer]: Mm. So, do we take these off? | [facilitator]: Mm-hmm? Okay. Ooh. Hmm. How do we sta wa how do we start? | [facilitator]: Does anybody know? So that's this Oh okay, right. | [facilitator]: Uh.. Hmm. Okay, just hang on a second everybody. | [facilitator]: I haven't actually looked at this yet. um I haven't looked at it, but let's just start it off and we'll see what happens.",False,42,Let's take a step back and look at the problem statement we're trying to solve - what's the core issue or question we're trying to answer with this design?,True,"Let's take a step back and look at the actual thing we're trying to decide about, what's the specific design element or decision that's causing the hesitation?",True,"What if we started by assuming that we're keeping everything as it is, and then we could identify what's working and what's not?",True
1149,"Tool training. Try out the whiteboard, every participant should draw their favourite animal and sum up their favourite characteristics of that animal.",Ideate,"[facilitator]: If you're all ready. So is the agenda? | [facilitator]: Opening, acquaintance, tool training and project plan, discussion and then closing. | [facilitator]: Project aim is a new remote control. | [facilitator]: It's original, uh trendy and it's user-friendly. | [facilitator]: Project method, functional design, individual work, another meeting, conceptual design, individual work, and a meeting of details design, individual work and a meeting.",False,42,"Let's clarify what we mean by ""trendy"" in the context of this remote control - is it a specific design aesthetic, a feature that sets it apart from existing remotes, or something else entirely?",True,"Let's clarify what we mean by ""user-friendly"" in this context - is it about making the device itself easy to use, or is it about making the overall experience of interacting with the device, including setup and troubleshooting, straightforward and accessible?",True,"Let's clarify what makes our new remote control truly unique and trendy - what aspects of a remote control do we want to disrupt or innovate, beyond just being user-friendly?",True
1150,"Um. Uh Miss Industrial Designer, would you like to go first?",Ideate,"[facilitator]: Opening, acquaintance, tool training and project plan, discussion and then closing. | [facilitator]: Project aim is a new remote control. | [facilitator]: It's original, uh trendy and it's user-friendly. | [facilitator]: Project method, functional design, individual work, another meeting, conceptual design, individual work, and a meeting of details design, individual work and a meeting. | [facilitator]: Tool training. Try out the whiteboard, every participant should draw their favourite animal and sum up their favourite characteristics of that animal.",False,42,"Let's take a step back and look at the project aim together - what does it mean for a remote control to be ""trendy""? How might that influence the design decisions we make?",True,"Let's step back from our favourite animals for a moment, what are some common characteristics that emerged as we looked at each other's drawings, how might those traits influence our design of a user-friendly remote control?",True,"As we continue to explore what makes a great remote control, let's shift our attention from our favorite animals to their habitats - what kind of environment allows them to thrive? What aspects of their surroundings make them feel comfortable, safe, and able to live their best lives?",True
1151,"Yeah, why don't you just c, I think just clip on clip do you have a belt?",Ideate,"[facilitator]: Project aim is a new remote control. | [facilitator]: It's original, uh trendy and it's user-friendly. | [facilitator]: Project method, functional design, individual work, another meeting, conceptual design, individual work, and a meeting of details design, individual work and a meeting. | [facilitator]: Tool training. Try out the whiteboard, every participant should draw their favourite animal and sum up their favourite characteristics of that animal. | [facilitator]: Um. Uh Miss Industrial Designer, would you like to go first?",False,42,"Let's put the remote control aside for now, and focus on the animal we've drawn. What common characteristics do we see among these different creatures that might be relevant to our design challenge?",True,"Let's take a step back from our favourite animals for a moment, and imagine we're holding this new remote control - what's the first thing that comes to mind when you think about the sensation of it in your hand?",True,"Let's step back from the animals for a moment, and instead, think about what the ideal animal would be if it were to embody the qualities of our future remote control – something that's a combination of the characteristics that stood out to each of you. What animal might that be?",True
1152,And Mister aesthetics designer do you wanna go next?,Ideate,"[facilitator]: Or put 'em in your pocket, yeah. | [facilitator]: Yeah, what's your favourite animal? | [facilitator]: Is it rude? That's a very good elephant. 'Kay, and you want to write up on there, it says you've gotta sum up your f f your favourite characteristics of that animal. | [facilitator]: Mm. Okay. Wonderful, well done. | [facilitator]: Do you want to use the wipe the m the wiper and wipe it off?",False,42,"Let's take a step back and look at the task sheet again, what do you think is the most important thing we're trying to accomplish with this exercise?",True,"Let's pause the game for a moment and talk about what we're actually trying to achieve here. What's the goal behind writing down our favourite characteristics of an animal, and how might that relate to our product design challenge?",True,"Can we step back and look at this exercise as a whole, what are we trying to accomplish here, what are the goals of this particular design activity?",True
1160,"And uh what abo uh Christine, what about your uh the industrial design plan?",Ideate,"[facilitator]: Uh Okay, so there's any questions or uh first of all about uh this project? | [facilitator]: Uh the goal of the project I think maybe I'll uh hand out to the Ed, okay, so to explain uh what is the project because he's in the sales and the accounting. | [facilitator]: Yes, so can you explain uh what exactly the product is? | [facilitator]: Oh I think uh, if I'm not wrong, we're making the remote control. | [facilitator]: Yes. Mm-hmm. Mm-hmm. Mm-hmm. Mm-hmm.",False,42,"Let's clarify what we mean by ""remote control."" Is it a physical device, a software application, or something that combines both?",True,"Let's focus on the ""remote control"" aspect. Can you help me understand, what's the core problem or pain point that this remote control is trying to solve or address for our users?",True,"Can we clarify what kind of remote control we're referring to, is it a typical TV remote, a universal remote for various devices, or something entirely different?",True
1161,Are you have a design already on this product or uh you're still working on the design?,Ideate,"[facilitator]: Uh the goal of the project I think maybe I'll uh hand out to the Ed, okay, so to explain uh what is the project because he's in the sales and the accounting. | [facilitator]: Yes, so can you explain uh what exactly the product is? | [facilitator]: Oh I think uh, if I'm not wrong, we're making the remote control. | [facilitator]: Yes. Mm-hmm. Mm-hmm. Mm-hmm. Mm-hmm. | [facilitator]: And uh what abo uh Christine, what about your uh the industrial design plan?",False,42,"Let's take a step back and explore the assumption that we're making a remote control. What if we're not making a remote control at all, but rather a solution to a specific problem that the sales and accounting teams are facing? What's the underlying challenge that we're trying to address?",True,"Let's take a step back and explore the assumption that we're making a remote control. What if we're not making a remote control, but rather a tool that helps people control or interact with something else? What's the underlying need or problem we're trying to solve with this product?",True,"Let's park the question about the industrial design plan for a moment, because I think we're still figuring out what we're designing. Can we take a step back and rephrase the product we're working on as a solution to a problem, rather than just a remote control?",True
1178,"Uh teletext but we can skip that because I saw the newsflash, and teletext is so outdated that it it's i should not be used uh any more in the future.",Ideate,"[facilitator]: I mean if you can't control the the sound settings I mean if you dislike a very uh loud bass or something, you you need to change that. | [facilitator]: So um yeah we have to. | [facilitator]: We c we c Yeah I mean w we can't my my T_V_ has, but we we can leave them uh away. | [facilitator]: Uh most relevant, uh most used functions, uh they speak for themselves I guess. | [facilitator]: Uh power button, uh channel, volume selection.",False,42,Let's take a step back and explore what's driving the need for these sound settings. What are the consequences when the sound is too loud or too soft for someone in the room?,True,"Let's take a step back and explore the assumption that the most relevant functions are the ones that are most used. What if the most used functions aren't necessarily the most important ones for the user's experience, but rather the ones that are most easily accessible?",True,"What if the loud bass isn't just a distraction, but a deliberate design choice intended to enhance the overall experience of the user? How might that change our understanding of the problem and our approach to designing a solution?",True
1187,"Yeah okay, wh why would you use that?",Prototype/Evaluate,"[facilitator]: Mm. Okay but you have sound? | [facilitator]: Yeah just oh y you have digital uh better write it down over there yeah. | [facilitator]: So you have sound. Yeah. | [facilitator]: Uh yeah sound and then within sound I guess treble and bass? | [facilitator]: Yeah. Also. Pitch. Yeah. But pitch, isn't that yeah that's the the height of the tone.",False,42,"Let's clarify, when you say 'pitch,' are you thinking about the musical aspect of pitch or the way it relates to the user's experience, like how a high-pitched sound might affect someone?",True,"Let's hold onto 'pitch' as a key aspect of sound, but what if we were to explore how people experience and interact with pitch in different contexts, rather than just its technical definition?",True,"Can we try to imagine a scenario where pitch isn't the height of the tone - what if pitch was actually a direction, or a color, or a sensation?",True
1211,"And uh uh of course there should be a case where we can keep all the things and, you know different shapes or whatever it is there should be a case to put to give a shape.",Prototype/Evaluate,"[facilitator]: Maybe we can have that. | [facilitator]: Whenever the T_V_ is on, remote controller will have a light. | [facilitator]: And then uh infrared bulbs. | [facilitator]: Um this is like uh when it is dark. | [facilitator]: And battery, there should be a battery for power supply, and a chip, chip which is like a brain to the remote controller which does all the operations, and wires connecting all chips, which is uh lights, everything, so there should be wires.",False,42,"Let's take a step back and imagine we're holding the remote controller in our hand - what would be the most surprising or delightful feature that would make us go ""wow"" or feel like we're experiencing something new and exciting?",True,"Can we assume the infrared bulbs are necessary for the remote controller to function, and if so, what would happen if they were removed or didn't exist in the first place?",True,"Let's take a step back and start with the end goal - what do we want the user to experience when they're using this remote controller, rather than just listing its features?",True
1228,"Uh we need to keep in mind the user requirement specification, what needs and desires are to be fulfilled, the functions design, what effects the apparatus should have, and the working design, how the apparatus actually works to fulfil its function.",Ideate,"[facilitator]: I'm also putting 'em them in the shared folder. | [facilitator]: So um then I we'll talk about our general objectives and have your three presentations. | [facilitator]: Um I'll talk about the new project requirements I've just received, and then we have to make a decision on our remote control functions. | [facilitator]: Finally we'll just close. We're starting this meeting at approximately twelve thirteen and we have forty minutes. | [facilitator]: So First of all the functional design objectives.",False,42,"Let's pause on those functional design objectives for a moment. What if we reframed them as experiences we want to create for our users, rather than just functional requirements?",True,Let's pause on those functional design objectives for a moment - what specific user needs or pain points are we trying to address with this project?,True,Let's set aside the formal presentation structure for now and focus on the objectives – what are the underlying problems or opportunities we're trying to address with these new project requirements and remote control functions?,True
1247,"Uh and then um then on the uh remote control itself will have um the sender for the signal, which could be uh an infra-red signal, um which will be sent by an electronic chip.",Prototype/Evaluate,"[facilitator]: Oh well, I'm gonna draw it on the board then. | [facilitator]: It's in blue uh, and I couldn't change it. | [facilitator]: We it's fine on my screen, but never mind. | [facilitator]: So um the idea is that we've got the energy source um, which in our case will pr, oh well okay, never mind. | [facilitator]: So um I think maybe uh two batteries, I dunno what they're called six, or something like that.",False,42,"Let's take a step back and focus on the energy source. Can you imagine a world where our product doesn't rely on batteries, what other power sources could we consider?",True,Let's pause on the idea of batteries for a moment. What if we were designing a product that didn't rely on batteries at all - how might that change the way we think about the energy source?,True,"Let's take a step back from the specific issue with the blue line and focus on the bigger picture: what are the core requirements for the energy source in this product, and how does it need to function to meet our users' needs?",True
1307,"But basically yeah maybe I can continue with my presentation, it would be al you you but I think we have some technical problem or so.",Prototype/Evaluate,"[facilitator]: Ah. Mm-hmm. Mm-hmm. Mm-hmm. I'm just thinking of some thing. | [facilitator]: Um We want to have a no, I don't know if this is a good idea. | [facilitator]: We want to have a a general remote control for everything. | [facilitator]: Okay. Yeah. Yeah. Yeah yeah. | [facilitator]: Yeah. No no. Finish tonight.",False,42,What if we were to assume that this remote control already exists and is being used by our target audience - what would be the most surprising or delightful experience they're having with it?,True,"What if the remote control we're envisioning isn't just a physical device, but a metaphor for how we want to interact with the system as a whole?",True,"What if instead of a single general remote control, we had a system that allowed people to curate their own personal control panels, with the things that are most important to them?",True
1354,Hmm. Hmm. Are we talking about the device itself or the c or a cover for the device that would be an interchangeable cov cover as a separate product?,Prototype/Evaluate,"[facilitator]: Okay. Um, did you do your Hit Ah, there it is. | [facilitator]: Ta-da. Mm 'kay. 'Kay. Mm. | [facilitator]: It sounds like the the uh covers that they use for the remote, you know, your t your cell phone. | [facilitator]: Mm. Hmm. Uh-huh mm. In most families, don't isn't the remote is a remote. | [facilitator]: Mm. Mm. Well actually some households do have three and four T_V_s and they would have a remote for each one, so.",False,42,"Let's pause for a moment and acknowledge that we're getting close to a possible insight, but it feels a bit stuck in the conversation. Can we take a step back and rephrase what we're trying to understand about the remote control situation in these households?",True,"Let's pause the conversation for a moment. Can you rephrase what you just said in a single, concise sentence, without referencing any specific technology or device?",True,"Let's try to understand the conversation so far. Can you, as a team, identify what you're agreeing on and what you're still unclear about, and let's break down that um, awkward moment into a concrete design idea or question?",True
1402,If say people between age group of twenty to thirty five are the biggest market?,Prototype/Evaluate,"[facilitator]: Sure. Alright. Right. The features could be same and the body could look slightly different. | [facilitator]: So Yeah. Yeah, uh maybe to as uh it it was indicated that uh uh risk uh of uh repeated use, the injuries, maybe a touch screen could be a better option for that. | [facilitator]: So, a bigger b okay so y you're dividing designs based on not only segment age groups, you're desi uh dividing it according to the countries also, the market. | [facilitator]: Maybe for U_S_ and all you can have a slightly bigger remote control and maybe in Japan and all you need to have a small, yeah. | [facilitator]: Mm-hmm. We could focus on the biggest market.",False,42,Let's pause for a moment and explore the assumption behind designing for different markets - what are the unique needs or pain points in each market that would necessitate distinct design solutions?,True,"Let's pause on the idea of adapting the design based on country or market. What if instead of designing for a specific market, we were designing for the individual user's needs and preferences, regardless of where they're from? How might that change our approach?",True,"What if we were to take the design decision of adjusting the remote control size for different markets and flip it on its head - what if we designed the product to work seamlessly across all markets, regardless of size constraints?",True
1444,But don't you think it's very difficult to draw a panther?,Ideate,"[designer]: Uh yeah yeah. Okay it's a friendly panther. | [designer]: Yeah maybe. Um. Actually, honestly I I I dunno what's what's his it's be behaviour, I dunno if if it's the male who who hunts or it's the female uh, I I I have watched that lions di didn't hunt it's the the female lions who who hunt, so but I like it because it's fast, and it's black as well, so it can he it can hide itself very easily and it's it's it looks like um powerful, strong, uh I dunno. | [designer]: I I watch a a film about a black panther when I was a child and I was in that age when everything was shocking me a lot. | [designer]: Okay. I like it. Yeah. | [facilitator]: Good morning. And I am Hemant, the industrial designer.",False,42,"Hemant, nice to meet you. Can we take a step back and explore what's driving our interest in this panther design? Is it the idea of power, speed, or something else that's resonating with us?",True,"Let's try to untangle this idea of the panther's behavior - what if we took away the assumption that it's a male, and instead focused on the qualities that make it an effective hunter, regardless of its gender?",True,"Let's try to untangle the various aspects of the black panther we're discussing - its behavior, characteristics, and personal associations. What if we separate these threads to see what insights we can gather about the design's direction?",True
1446,"And uh what abo uh Christine, what about your uh the industrial design plan?",Ideate,"[facilitator]: Uh Okay, so there's any questions or uh first of all about uh this project? | [facilitator]: Uh the goal of the project I think maybe I'll uh hand out to the Ed, okay, so to explain uh what is the project because he's in the sales and the accounting. | [facilitator]: Yes, so can you explain uh what exactly the product is? | [facilitator]: Oh I think uh, if I'm not wrong, we're making the remote control. | [facilitator]: Yes. Mm-hmm. Mm-hmm. Mm-hmm. Mm-hmm.",False,42,"Let's clarify the scope of the remote control project: what specific aspects of a remote control are we aiming to improve or innovate, and what kind of users will be interacting with it?",True,"What if the remote control isn't just a device for changing TV channels, but a tool that helps people navigate their leisure time in a more meaningful way?",True,"Let's clarify what we mean by a ""remote control"" - are we talking about a device that controls something, like a TV or a robot, or is it a more abstract concept, like a tool that helps people manage their workload or schedules from a distance?",True
1447,Are you have a design already on this product or uh you're still working on the design?,Ideate,"[facilitator]: Uh the goal of the project I think maybe I'll uh hand out to the Ed, okay, so to explain uh what is the project because he's in the sales and the accounting. | [facilitator]: Yes, so can you explain uh what exactly the product is? | [facilitator]: Oh I think uh, if I'm not wrong, we're making the remote control. | [facilitator]: Yes. Mm-hmm. Mm-hmm. Mm-hmm. Mm-hmm. | [facilitator]: And uh what abo uh Christine, what about your uh the industrial design plan?",False,42,"Let's take a step back and explore what we mean by ""remote control."" Is it just a device that sends signals to a TV or is there a broader understanding of what this product can do or how it can improve people's lives?",True,"Let's pause for a moment and imagine that the remote control is already in the hands of our target user – what would be the first thing they would notice, or the first thing that would make them go ""aha, this is something special""?",True,Let's park the term 'remote control' for a moment and instead talk about what need or problem this product is trying to solve - what pain point does it address?,True
1500,I don't know if that meant that you could see it or not.,Ideate,"[designer]: Wha what was it again that I was supposed to look into? | [designer]: Con components, oh. | [facilitator]: All hooked up. Okay, so now we are here at the functional design meeting. | [facilitator]: Um hopefully this meeting I'll be doing a little bit less talking than I did last time 'cause this is when you get to show us what you've been doing individually. | [facilitator]: The agenda for the meeting, I put it in the sh shared documents folder.",False,42,"Let's pause for a moment and acknowledge that we're about to dive into a lot of individual work, so before we jump into the agenda, what are the top three things you're hoping to get out of this meeting, as a team?",True,"Before we dive into the individual work, can we take a step back and make sure we're all on the same page about what the project's goals and key assumptions are?",True,"Before we dive into individual show-and-tells, can you each take a minute to write down what you hope to get out of this meeting and what you're excited to share with the team?",True
1510,"Yeah. Yeah. Mm-hmm. That's but then if you're buying the remote separately, but y you could have something, but i if it was something that you could like stick onto the T_V_ or something, some like a two p if you bought it in a two part pack, so one part attaches to the T_V_.",Prototype/Evaluate,"[facilitator]: Yeah. Mm. Uh-huh. Uh-huh. So that if that was in the the voice recognition, that would be great. | [facilitator]: Yeah. Yeah. Watch Sky and yeah. | [facilitator]: Mm-hmm. But that's definitely a possibility. | [facilitator]: Yeah. So that you can yell at it, yeah. | [facilitator]: Yeah. Alright. Mm. Yeah. Yeah.",False,42,"Let's pause for a moment and explore what we mean by ""yell at it."" What specific frustrations or pain points would a user be expressing when they want to yell at the voice recognition system?",True,"Let's pause for a moment and explore what we mean by ""yell at it."" Can we describe a specific scenario where someone would be yelling at this voice recognition system?",True,"Let's pause for a moment and clarify: what specific functionality or user experience are we trying to enable with this voice recognition idea, rather than just its potential features or user behaviors?",True
1561,"Um the second thing is uh they suggest that that we should uh use the remote control only for T_V_, not for D_V_D_ and other devices, because it make it it makes it's too complex and uh because we have not much time for this project we should stay on T_V_ on the only specific T_V_ remote control.",Prototype/Evaluate,"[facilitator]: Okay, thank you Peter. So um I have to inform you I receive an email from the management bon board today and they have new requirements for the for the remote control. | [facilitator]: Um first um, they say that's uh about something about t teletext. | [facilitator]: Uh apparently it becomes from according to them it becomes out of date. | [facilitator]: Out-dated. And uh Because of the internet popularity and everybody has internet at home, and actually it's not useful to have teletext. | [facilitator]: Um. So I think we can avoid the teletext.",False,42,"Let's hold off on deciding whether to avoid teletext just yet. Instead, can we explore what the management board is trying to achieve by mentioning teletext, and what kind of user needs or pain points they're trying to address?",True,"Before we start cutting features, can we try to understand what the management board means by 'teletext' and how it might be connected to the remote control's overall purpose?",True,"Let's explore the assumption behind the management board's decision - that people no longer use or find value in teletext because of internet availability at home. What if we discovered that's not the case, or that there's another group that still relies heavily on teletext?",True
1566,"Uh. Yeah. Maybe, maybe. Yeah but first maybe what is what are the usual function of a standard remote control?",Prototype/Evaluate,"[facilitator]: So um uh we should we should keep uh The the product should be recognisable. | [facilitator]: Uh, uh It's That mean we should use the colour of our company and maybe put somewhere the s the slogan of the company, which is uh, we put fashion of in electronics. | [facilitator]: So, when people see the the remote control, they should say oh it's from Real Reaction and he s they should recognise the company. | [facilitator]: So, um So now we we should take the decision what we are going to what function we will have on this uh on this remote control. | [facilitator]: So, mm, are we going to use L_C_D_, speech recognition?",False,42,"Let's pause for a moment on the idea of recognition. Instead of focusing on how to make the product look like our company, what if we flipped that around and asked: What does it mean for our customers to recognize our brand through this product, beyond just seeing our logo or slogan?",True,"Let's pause on recognizability for a moment - what if we were to design a product that didn't necessarily scream ""Real Reaction"" but instead, sparked curiosity about who we are and what we do?",True,"Let's pause for a moment, what if the goal isn't just to make our remote control recognizable as Real Reaction's, but to create a unique product that stands out in the electronics market, rather than blending in?",True
1568,"On the other side we have more and more channels, and if you want to pass through all the channels to get the channel you want, it's Maybe maybe we could think of something more betweens, like uh Yeah.",Prototype/Evaluate,"[facilitator]: Uh. Yeah. Maybe, maybe. Yeah but first maybe what is what are the usual function of a standard remote control? | [facilitator]: I mean what do Yeah. | [facilitator]: Yeah. I think we should stick on very useful functions, because we want less button. | [facilitator]: So, yeah. So, turning channel, of course. | [facilitator]: Volume setting. Yeah. I think it would be a b Yeah.",False,42,Let's take a step back and explore the assumption that a standard remote control is the perfect model for our design. What if we were to design a remote control that doesn't look like a traditional one – what would be the benefits and challenges of that approach?,True,"Let's take a step back, what if the traditional functions of a remote control aren't the only ones people want to control when they're watching TV or using a device?",True,"What if the functions we typically associate with a remote control aren't the most important ones for our user, and we're designing for someone who has different priorities when interacting with their TV?",True
1580,Okay. Good afternoon again. So we should have our final meeting about the detail designed of detail design of the product of the remote control.,Ideate,"[designer]: And you said the lowest. | [designer]: Yeah, for the batteries Mm-hmm. | [designer]: So more general remote control instead of just focusing on uh on T_V_. | [designer]: The complexity shouldn't be much higher. | [designer]: For you said if it good for D_V_D_ then I would Bye.",False,42,"Let's clarify what you mean by ""good for D_V_D_."" Can you explain what specific needs or pain points of D_V_D_ users you're trying to address with this design?",True,Let's clarify what 'good' means in this context. What specific benefits or outcomes would we consider a success for a general remote control that could also work with D_V_D_?,True,"Let's pause on the idea of making the remote control more general, rather than just focusing on TV. How would that affect the user's experience if we're no longer assuming a specific screen they're interacting with?",True
1581,Then we'll have to go through finance evaluation of the of the cost of the thing and um hopefully uh we should fit the target o tw of twelve point five uh uh Euro.,Ideate,"[designer]: For you said if it good for D_V_D_ then I would Bye. | [facilitator]: Okay. Good afternoon again. So we should have our final meeting about the detail designed of detail design of the product of the remote control. | [facilitator]: Um So here is the agenda for today. | [facilitator]: Uh uh just going to go quickly through the minutes of the last last uh meeting then we have a p presentation of prototype of you two, sounds interesting. | [facilitator]: And we'll have um presentation of evaluation crit criteria by ou our Marketing Experts.",False,42,"Before we dive into the agenda, can you help me understand what's driving the urgency to finalize the remote control's detail design, and what's at stake if it's not ""good"" for D_V_D_?",True,"Before we dive into the agenda, can you each share what's personally at stake for you in this final meeting - what are you hoping to achieve or what are you worried might go wrong if we don't get it right?",True,"Before we dive into the agenda, what's the assumption behind our ""final meeting"" about the remote control design - are we expecting to conclude our design work today, or is there still uncertainty about the project's scope or timeline?",True
1582,Mm-hmm. What's the use uh of the t turbo button already?,Ideate,"[facilitator]: No L_C_D_, no speech recognition technology, okay, we went through a b to a banana look and feel for the remote control. | [facilitator]: We went through the use of wheels and but buttons. | [facilitator]: And also the use of a basis station for battery ch charging and uh also to um call the to call the mot mote remote control when it is lost. | [facilitator]: Okay. Um. Good. So guys let this uh wonderful thing. | [facilitator]: Oh yeah. Sorry. Um. Which is Yeah can you show it to the the camera maybe.",False,42,"Let's take a step back and explore what we're trying to solve here. What's the core problem we're addressing with this remote control design, beyond just its physical appearance or features?",True,"Let's step back from the specific design concepts we've been exploring - banana-shaped remotes, wheels, buttons, and base stations. What if we were to start from a completely different perspective: what are the core benefits that our users are trying to achieve with this product, and how might we design something that delivers those benefits in a more fundamental way?",True,"Let's step back and look at the diverse ideas we've explored so far - the banana-shaped remote, the use of wheels, the base station for charging and locating the remote. Can we try to identify what connects or excites us about these ideas, rather than what might be technically feasible?",True
1596,"Components design, um uh first of all uh I would like to uh uh accommodate some of those uh things I uh uh elaborate some of the things I did.",Ideate,"[designer]: Um here are the individual actions, and especially notice that uh the Industrial Designer and the User Interface Designer are going to work together on a prototype drawing on a smart board, and of course to all four of us uh specific instructions will be emailed by our personal coach. | [designer]: Well I I'd say just wait uh for email and uh find out. | [designer]: I don't know. Okay well that was what I had to say, uh, final thoughts from anyone, or? | [designer]: We're finished. Okay, well thank you very much. | [facilitator]: W sure. Okay uh welcome you all.",False,42,"Before we move forward, can we take a step back and clarify what we're trying to achieve with this prototype and what specific problem or opportunity we're addressing?",True,"Before we wrap up, can you each take a moment to reflect on what you're looking forward to exploring or achieving in this next stage of the project, and what's still unclear or uncertain for you?",True,What felt unclear or uncertain for you in this meeting that we just wrapped up?,True
1597,"What should be um uh said about uh the components, uh its properties and what kind of materials should we use to uh to make uh one of those r remote controls.",Prototype/Evaluate,"[designer]: I don't know. Okay well that was what I had to say, uh, final thoughts from anyone, or? | [designer]: We're finished. Okay, well thank you very much. | [facilitator]: W sure. Okay uh welcome you all. | [facilitator]: Components design, um uh first of all uh I would like to uh uh accommodate some of those uh things I uh uh elaborate some of the things I did. | [facilitator]: I I elaborated on the concept.",False,42,"Let's take a step back and clarify what we've actually achieved so far - what are the key insights, decisions, or solutions that we can confidently say we've arrived at, and what still feels uncertain or open-ended?",True,"Before we dive into the details, can we take a step back and re-define what we're trying to achieve with this component design, and what specific problems are we hoping to solve?",True,"Before we dive back into components design, can we take a moment to clarify what's been decided so far that feels like a non-negotiable foundation for our product?",True
1610,Channel digit uh buttons should be uh protected by plastic cover or something for the remote control to look very simple.,Ideate,"[facilitator]: Uh I will take notes during this meeting so uh that you can uh look at my uh folder to see the summary of this meeting afterwards. | [facilitator]: So each of you will uh show us the various investigation they've done during uh previous uh hours. | [facilitator]: We'll then t take decision in concert and then uh uh we will uh define the nest next task, to have to be done before the next meeting. | [facilitator]: So, last time we decided to have a simple interface. | [facilitator]: We also decided to have a wheel to change channel previous channel button.",False,42,"Let's pause for a moment and clarify what we mean by a ""simple interface."" What specific aspects of the interface do we want to keep simple, and what might be sacrificed or compromised in the name of simplicity?",True,"Let's pause for a moment and revisit the decisions we made last time. What assumptions are we making about our users and their needs when we chose a ""simple interface"" and a wheel for channel navigation?",True,"Let's pause on the channel button for a moment: what would happen if users couldn't see the previous channel button, and instead relied solely on the wheel to navigate?",True
1611,Yeah. Yeah. Okay. Okay. But is it a significant price on the whole remote control?,Ideate,"[facilitator]: So the conceptual specification by Industrial Designer, the specification of the U_I_ by or U_I_ okay. | [facilitator]: And uh the last point is uh trend watching by Market Expert. | [facilitator]: So maybe we can start with uh industrial design. | [facilitator]: So this is the presentation. | [facilitator]: Maybe I can switch slide uh on your request.",False,42,"Before we dive into the presentation, can you help me understand what we're trying to achieve with this industrial design concept - what problem is it solving or what opportunity is it seizing?",True,"Before we dive into the presentation, can you help me understand what's the most critical aspect of the industrial design specification that needs to be addressed by our team, and what's the potential impact on our overall project?",True,"Before we dive into the design specifics, can we take a step back and clarify what we're trying to achieve with this product, and what kind of experience we want to create for our users?",True
1612,"So will will will this with uh including all possible things, so buttons, wheel and the chip, be uh lower than twelve Euros to produce?",Ideate,[facilitator]: So maybe we can start with uh industrial design. | [facilitator]: So this is the presentation. | [facilitator]: Maybe I can switch slide uh on your request. | [facilitator]: Yeah. Yeah. Okay. Okay. But is it a significant price on the whole remote control? | [facilitator]: Because we can afford up to twelve Euros for the price of the remote control.,False,42,"Let's park the price discussion for a moment and focus on the user's experience - what are the key interactions we want the user to have with this remote control, and how can we design those interactions to be intuitive and seamless?",True,"Let's pause on the price aspect for a moment. What if the remote control were free, and the cost was absorbed elsewhere in the product or service?",True,Let's take the €12 budget out of the conversation for now and imagine a scenario where we have unlimited resources - what would we design if budget and cost were no constraints?,True
1613,Okay. You can easily find the button in the dark or so?,Ideate,"[facilitator]: So will will will this with uh including all possible things, so buttons, wheel and the chip, be uh lower than twelve Euros to produce? | [facilitator]: Okay You received something Hmm. | [facilitator]: And could it be adapted? | [facilitator]: Okay and there can uh recognize some commands and stuff? | [facilitator]: Okay. Yeah. Okay maybe we can just uh listen to this presentation and then take decision later on according to those news.",False,42,"Let's pause on the idea of making this product affordable, but also functional and adaptable - what if we were to prioritize one of these aspects over the others, and why?",True,"Let's park the cost and adaptation questions for now, and instead, can you imagine a user who's going to interact with this product - what are their needs, pain points, or goals that we're trying to address with this design?",True,"What if we prioritized features and functionalities over the specific components mentioned - buttons, wheel, and chip - and focused on the essential functions that this product needs to serve?",True
1614,"It will be turned on when the when the user move the remote control I think, no?",Ideate,[facilitator]: Okay You received something Hmm. | [facilitator]: And could it be adapted? | [facilitator]: Okay and there can uh recognize some commands and stuff? | [facilitator]: Okay. Yeah. Okay maybe we can just uh listen to this presentation and then take decision later on according to those news. | [facilitator]: Okay. You can easily find the button in the dark or so?,False,42,"Let's pause on that idea of adapting something existing - what are the benefits of building upon something that already exists, versus starting from scratch?",True,What's the one thing we're trying to achieve with this feature that we haven't mentioned yet?,True,"What if instead of just adapting what we have, we start from a blank slate and imagine a brand new solution that addresses the underlying needs and pain points we're trying to solve?",True
1615,"But it can be uh battery consuming, no?",Ideate,"[facilitator]: Okay and there can uh recognize some commands and stuff? | [facilitator]: Okay. Yeah. Okay maybe we can just uh listen to this presentation and then take decision later on according to those news. | [facilitator]: Okay. You can easily find the button in the dark or so? | [facilitator]: It will be turned on when the when the user move the remote control I think, no? | [facilitator]: Hmm. Yeah. Yeah. Yeah. True.",False,42,"Let's take a step back and clarify what we're trying to achieve here - what's the primary goal for this device's remote control, and how does its functionality relate to that goal?",True,"Let's pause on the idea of the device being controlled by a remote - what if the user didn't have the remote, or it wasn't working?",True,Let's back up a bit and talk about what makes this product useful to our users. Can you walk me through a typical day in the life of someone who would use this device?,True
1644,I think you have prepared uh all three uh?,Ideate,"[facilitator]: I don't know the shortcut, so Ah F_ five. | [facilitator]: Well our functional design meeting, that's the stage we're in. | [facilitator]: And you also ha all three of you have uh prepared something about it. | [facilitator]: Well um in we'll uh just have a look at the at the notes from the previous meeting, what we uh thought we had dec decided. | [facilitator]: But uh Uh then we'll uh look at uh the three uh presentations uh from you.",False,42,Let's take a step back and clarify what we're trying to achieve in this meeting. What is the key question or challenge that we're hoping to address with these presentations?,True,"Let's take a step back from the notes and presentations for a moment – what if we approached this meeting as if we were starting from scratch, and our only goal was to understand the problem we're trying to solve together? What would be the most essential, non-negotiable aspects of this project that we need to understand before we dive in?",True,"Before we dive into the notes and presentations, can you each share what's top of mind for you as we move into this next phase, and what are the biggest unknowns or questions you're hoping to address?",True
1652,"Yep. Well there sh should always be a menu, but it c can be very short.",Prototype/Evaluate,"[facilitator]: Yeah. Mm-hmm. Yeah. Well It should actually uh It should actually be loose from the television, because it can also be used for other televisions. | [facilitator]: So if you deliver a small uh click-on device that you can put on your television, that bleeps to your remote control, everyone can use it. | [facilitator]: No you can click it on your television. | [facilitator]: Yeah in another room, yeah. | [facilitator]: Well yes. Yeah. Well we'll have a look at it, yeah.",False,42,Let's take a step back and explore what's driving this idea of a click-on device that can be used with multiple televisions. What specific pain points or opportunities are we trying to address with this device?,True,Let's step back from the specifics of the device and think about the problem we're trying to solve - what's the scenario where having a device that syncs with a remote control becomes particularly valuable?,True,"Let's clarify what problem this ""click-on device"" is trying to solve, specifically for the users who will be controlling the device from another room.",True
1653,"But if y if you would put it at a different place, then you have to move your hands, and that's on of the things about R_S_I_.",Prototype/Evaluate,"[facilitator]: Well go ahead. Yip. F_ five. | [facilitator]: F_ five. Click. Yep. Yeah. | [facilitator]: So it is also why we have to have a button that says uh I'm now busy with a D_V_D_ uh if we had done that. | [facilitator]: And a button for T_V_. | [facilitator]: So Well but but if you have um the most used buttons all in one place, and you keep making the same um well moves.",False,42,"Let's take a step back and explore what we're trying to solve here. What are the ""same um well moves"" that you're referring to, and how do they impact the user's experience?",True,"Can we map out the current pain points or moves that the team is trying to simplify, and then explore what would happen if we were to eliminate those buttons entirely?",True,"What if we started by assuming the user doesn't want to make those ""same um well moves"" – how might that change our approach to designing the interface?",True
1694,"Uh we need to keep in mind the user requirement specification, what needs and desires are to be fulfilled, the functions design, what effects the apparatus should have, and the working design, how the apparatus actually works to fulfil its function.",Ideate,"[facilitator]: I'm also putting 'em them in the shared folder. | [facilitator]: So um then I we'll talk about our general objectives and have your three presentations. | [facilitator]: Um I'll talk about the new project requirements I've just received, and then we have to make a decision on our remote control functions. | [facilitator]: Finally we'll just close. We're starting this meeting at approximately twelve thirteen and we have forty minutes. | [facilitator]: So First of all the functional design objectives.",False,42,"Let's pause on those functional design objectives for a moment. What if we reframed them as ""what do our users need to be able to do"" rather than ""what features should we include""?",True,"Before we dive into the functional design objectives, can you each take a minute to share what's top of mind for you as we start this meeting, and what you hope to take away from our discussion today?",True,"Let's park the logistics for now and dive into the functional design objectives. What specific user needs or pain points would you like the remote control functions to address, and why is it crucial for our design to tackle these issues?",True
1715,I think you have prepared uh all three uh?,Ideate,"[facilitator]: I don't know the shortcut, so Ah F_ five. | [facilitator]: Well our functional design meeting, that's the stage we're in. | [facilitator]: And you also ha all three of you have uh prepared something about it. | [facilitator]: Well um in we'll uh just have a look at the at the notes from the previous meeting, what we uh thought we had dec decided. | [facilitator]: But uh Uh then we'll uh look at uh the three uh presentations uh from you.",False,42,"Let's pause for a moment and acknowledge that we're about to dive into a lot of information. Before we start reviewing the notes and presentations, what are the top 2-3 things you hope we'll clarify or decide on by the end of this meeting?",True,"Let's pause for a moment, what's the assumption behind having three different presentations? Is it that we'll find a single solution that aligns with everyone's ideas, or are we expecting to merge the best parts of each approach?",True,"Let's not focus on reviewing notes from the previous meeting, but instead, what are the most critical insights or assumptions that you each have going into these presentations that you'd like to explore or validate?",True
1790,And specially it definitely could fits the the real product What was the what's the company name?,Prototype/Evaluate,"[facilitator]: Then there's a spe a second special form. | [facilitator]: Um Well you got you got twelve. | [facilitator]: So I think that should still be okay. | [facilitator]: Yeah, that's twelve point three, so we're still within budget on that. | [facilitator]: Um So decide we've lost a little bit on the fashion and lost a bit on the fancy kinda side of it, but generally speaking, we've kept the other attributes to the That's without Yeah.",False,42,"Let's take a step back and clarify what we're trying to achieve with this design. What are the top three attributes that we absolutely need to keep, even if we have to compromise on the others?",True,"Let's step back for a moment - what if the ""fashion"" and ""fancy"" aspects aren't just about aesthetics, but also about the emotional connection or experience we want users to have with our product?",True,"What if, instead of just 'keeping attributes', we focused on what's being sacrificed or compromised in our design decisions and how that affects the overall user experience?",True
1859,Uh the shape of remote control should be in a way which can which should be taken easily in hand.,Prototype/Evaluate,"[facilitator]: Um generally, generally uh this remote control uh uh should be should be something, in my opinion, uh the first feature is just to be easy to use. | [facilitator]: So, the more frequent buttons should be larger, they should be placed in a good position uh uh inside the remote control. | [facilitator]: And uh s uh I can conclude like this, that we shouldn't need to learn how to use it. | [facilitator]: It should be we shouldn't need to es open a a t book and uh start reading and uh learning how to use this uh this uh remote control. | [facilitator]: Okay. So what I found out that uh as I said uh I think it's better to put uh more frequent uh uh uh ke uh buttons which are used more in the middle of the remote control, and they should be bigger in size.",False,42,"Let's challenge that assumption about the most frequently used buttons. What if the most frequently used buttons aren't actually the ones we think they are, but rather the ones that are used in unexpected ways, like during a power outage or when the user is in a hurry?",True,Let's challenge that assumption - what if the users of this remote control are actually experts who don't need the most frequently used buttons in the middle?,True,"Let's flip that around - what would happen if we intentionally made the learning process a key part of the user experience, rather than trying to eliminate it?",True
1923,Yeah. I mean with the with the rubber design it could i you know it could pretty much mould very much to the to the user's hand.,Prototype/Evaluate,"[facilitator]: As for the um as for the single curve, um well this edge and this edge, like I say it would be nice to have some curvature to it, but it's not absolutely necessary. | [facilitator]: Really the curve that's most needed is the underside so that the jo so that the joystick rests over the the edge of the hand like this. | [facilitator]: Um and you have the uh transmitter here and a wee speaker for the uh for the uh for the uh fi uh for the remote control finder. | [facilitator]: So. Any further comments? Mm-hmm. | [facilitator]: Yeah. Yeah, I mean the uh Yeah.",False,42,"Let's pause on the transmitter and speaker for a moment - what if we were to swap their positions, or eliminate one of them altogether, how would that impact the overall design and user experience?",True,Let's pause on the joystick's curvature and explore the implications of making it more ergonomic versus the potential trade-offs in manufacturing complexity or cost. How might this decision impact the user experience and the overall product's target audience?,True,"Let's put the form of the joystick and the remote control finder aside for a moment, and imagine a user who is completely new to this product - what would be the essential experience they need to have in order to understand how to use it?",True
1992,So in part I could I could give you some of my personal preferences but I could also th add some to this which is just about sort of um sort of market research.,Ideate,"[designer]: It's easy to use, I think that's one thing that um and I guess from the component point of view it's easy to build as well 'cause things are like fixed. | [facilitator]: Could you plug me in? | [facilitator]: Okay. Thanks. Okay. 'Kay. Okay. | [facilitator]: And the slogan, like the actual written slogan, or just to embody the idea of the slogan? 'Bout putting the fashion in electronics. | [facilitator]: Sure. Right. Mm-hmm. M yeah, like a lot of a lot of what I've um read and prepared for this meeting fits in really closely with what with what Craig's just gone over.",False,42,"Let's pause on the idea of ""putting the fashion in electronics."" What does that mean to you, and how does it relate to the product we're designing, rather than just the slogan?",True,Let's pause for a moment and acknowledge that we've been focusing on the ease of use and building of the product. What are some potential downsides or complexities that we might be overlooking in this design?,True,"Let's set that aside for a minute, I'm curious, what's the assumption behind this product being easy to use, is that an assumption based on how we've envisioned users interacting with it, or is that an observation from a different context?",True
2013,Right uh. So um. So where's the PowerPoint presentation?,Ideate,"[designer]: Um maybe for the younger market. | [designer]: Um I think they've got their own controls in this kind of like hidden panel. | [designer]: Oh no, I mean um like there's kind of individual buttons for them, like on the T_V_ remote. | [designer]: But I don't really know what they're for, I've never used them. | [designer]: I just know they're something to do with Dolby.",False,42,Let's set those specific features aside for now and imagine a younger person using this product for the first time - what are the most important things they need to know or be able to do right away?,True,"Let's pause for a moment and ask: What if, instead of focusing on the technical features, we were to design an experience that helps users intuitively understand how to use those controls, without needing to know what Dolby is?",True,"Can we take a step back and imagine we're designing this product from scratch for a younger audience, rather than just modifying an existing one? What are some values, needs, or behaviors that we think are particularly important for this group?",True
2068,You can do the evaluation uh criteria on this?,Prototype/Evaluate,"[facilitator]: No Yes but Yeah, we don't know, but that's uh that's that's that's more market research. | [facilitator]: So let it be like this at uh at this moment. | [facilitator]: Okay? No, I think it's great. | [facilitator]: Comes to that later. Um you. | [facilitator]: Uh c You can uh Walter.",False,42,Let's take a step back and clarify what we're trying to achieve with this design. What's the core problem or opportunity we're aiming to address with our product?,True,"Let's take a step back and clarify our goals: what do we want to achieve with this design, and what kind of experience do we want to create for our users?",True,"Let's take a step back and revisit the assumptions we're making about our users. What if we're not trying to solve the problem we think we're solving, but rather a problem we're projecting onto our users?",True
2100,"But okay, I'm not, I'm not really sure if uh that would really appeal to everyone though, maybe just to fashion gurus, like maybe just like a little bit n a little fruit picture somewhere in the corner, but I don't know about uh I dunno how ergonomic a, an orange is.",Prototype/Evaluate,"[facilitator]: Yeah. What what do you mean by fruit and vegetables and spongy? | [facilitator]: What you mean clothe No, I missed that one. | [facilitator]: Oh, they're okay so they're not like dressed as a carrot they just have like pictures of fruit on, okay. | [facilitator]: So we're not gonna have a remote control in the shape of of a banana, just maybe Okay and So which fruit are you thinking of? | [facilitator]: Oh, so you want the remote control to be the shape of a fruit, or you want just some kind of like fruit logo on the So something that looks half like a fruit and half like an elephant.",False,42,"Let's take a step back, what's driving the idea of incorporating fruit or vegetable shapes into the design, is it purely aesthetic or does it serve a functional purpose?",True,"Let's suspend the idea of the shape being a specific fruit for a moment, and instead, imagine the design is a fruit-inspired, but not necessarily a direct representation of a fruit. What does that freedom give us in terms of creative possibilities?",True,"What if the shape we're trying to create isn't actually a fruit, but a representation of something that's meaningful to our target audience, like a symbol or an abstract shape that resonates with them?",True
2143,And we we have therefore in total um We have five we have eleven points according to which this should be evaluated.,Prototype/Evaluate,"[facilitator]: Um the method is we well I've analysed the user requirements and integrated them to the trends found in marketing reports and in our company strategy marketing. | [facilitator]: And um the findings were that we need it to look in a certain way, feel in a certain way, and this is everything's listed down. | [facilitator]: Um, look in a certain way, feel in a certain way, it has to be technologically innovative and it has to be easy to use. | [facilitator]: These are all things we looked at at the start, um and criteria that have to be met. | [facilitator]: We have to use a table, I'll show you that later, together to decide whether it meets the standards.",False,42,"Let's take a step back and explore what we mean by ""technologically innovative."" What specific aspects of innovation are we trying to achieve – is it about using new technologies, disrupting existing ones, or creating a new experience?",True,Let's shift our focus from the desired outcome to the potential obstacles that might arise if we achieve exactly what we've outlined. What are some challenges or trade-offs we might encounter if our product perfectly meets all these criteria?,True,"Let's take a step back, what if the standards we're using to measure our design are actually setting the stage for a solution that's 80% what we already have, rather than truly innovative – are we sure these standards are helping us create something that disrupts the market or just incrementally improves it?",True
2168,"Yeah, I actually I figured that would be that would be rather nice, but then you'd still have the uh the infrared function.",Prototype/Evaluate,"[facilitator]: And the thing about that is um the remote controls uh have to act as a T_V_ or uh a stereo or something, and those uh have a transmitter that's also focused on infrared, so if we want to uh build uh mm a remote control uh with Bluetooth for instance then uh the T_V_ should have Bluetooth too in order to communicate, so that would mean extra cost for the user and thus uh that's that wouldn't mean a a cheap uh remote control for us. | [facilitator]: So that's probably why most controls are still infrared. | [facilitator]: Furthermore they all have uh a a very simple structure, so that would probably uh mean lower costs and uh i that could mean for us a good thing uh 'cause uh well we we should be able to build a relatively cheap uh a cheap uh remote. | [facilitator]: Well uh as I mentioned ready, we have some Bluetooth Well it may be possible, but uh I figured it wouldn't be possible in within our budget, but that's not for me to decide, but that's maybe something for marketing to look into. | [facilitator]: F because uh well my personal opinion is uh is not to do uh Bluetooth or or radio waves, although Yeah, actually I have t Yeah.",False,42,Let's pause on the assumption that Bluetooth or radio waves would necessarily make the remote control more expensive. What if we were to design a remote control that uses Bluetooth or radio waves in a way that doesn't add significant cost to the user?,True,"Let's pause for a moment and explore what we're trying to achieve with this remote control - what specific problem are we trying to solve for our users, and how might that inform our design decisions?",True,"What if we didn't design the remote control in the context of the device it controls, but instead, considered the user's needs and behaviors in a more general sense?",True
2183,And I'll explain a bit about uh how it works and how we could uh build one and why I think several possibilities uh that we discussed in the earlier meeting falls off.,Prototype/Evaluate,"[facilitator]: Thank you. Yeah, ma perhaps, just just an idea. | [facilitator]: Yeah. Uh yeah yeah, I'll go, sure. | [facilitator]: Right uh, I'll be uh explaining a bit about uh working design about uh the project. | [facilitator]: Well uh what I did was I dissected uh uh current remote controls and um I viewed how how they w looked, how they worked, uh what kind of components are involved, and how they are connected together. | [facilitator]: And uh after that I put up a scheme about how uh these things are organised and I'll show it to you in in a in a few seconds.",False,42,"Let's pause for a moment - what are you hoping to achieve by dissecting and analyzing the current remote controls, and how might that inform our design decisions?",True,Let's pause on dissecting the remote controls - what insights or surprises did you discover about the current state of remote controls that might be relevant to our design goals?,True,"Wait, let's slow down and explore what inspired you to dissect the remote controls as the first step in your process. What specific insights or patterns were you hoping to uncover by looking at the components and connections of a traditional remote control?",True
2190,"Not too many uh gadgets and functions, just like you said uh well the most users n uh you have a lot of buttons and you u u use you don't use them, so why why should we invent uh w spend more time on those.",Prototype/Evaluate,"[facilitator]: Or I press button but nothing's happening on the T_V_, so is is something wrong or something. | [facilitator]: So that's just to uh to to explain the of to to uh make it clearer to the user. | [facilitator]: Uh w well the signal goes via chip that's translated into uh electric sig uh electronic signals and then it's processed and then it's sent to the infrared bulb where it will be uh uh received on the receiving end. | [facilitator]: And those uh interpreted by the device, well in this case the television. | [facilitator]: Uh well my personal preferences here, well we have to keep it simple.",False,42,"Let's take a step back and focus on the user's experience - can you describe a scenario where you're trying to use the remote control, but it's not working as expected, and how that makes you feel?",True,"Let's take a step back, what if the complexity of the signal transmission isn't the main issue here, but rather how the user is trying to interact with it?",True,"Let's take a step back - when you say ""keep it simple,"" what are the consequences of complexity versus simplicity for the user experience of using the remote control and the TV?",True
2211,Good job. Alright what's next in our agenda?,Ideate,"[facilitator]: Right. Hmm. Yeah. Great. Okay. | [facilitator]: Okay. And did you determine um the curvature of the bottom part of it for the hand, is it gonna be a single or a double? | [facilitator]: Single. Single sounds good, 'cause it's not big enough to really constitute a double. | [facilitator]: Great. Great. I think you did an awesome job. | [facilitator]: It is beautiful, and it's everything that we discussed.",False,42,"Let's take a step back and look at the bigger picture - how does this design decision impact the user's experience when they're actually using the product, rather than just holding it?",True,"What if we're focusing so much on the aesthetics of this design that we're forgetting about the user's actual experience with it - how might we test or validate that our design is indeed ""beautiful"" and ""everything we discussed"" from the user's perspective?",True,What are the assumptions we're making about the user's hand shape and size that led us to decide on a single curvature for the handhold?,True
2219,"Yeah. Mm-hmm. Colours. Exactly. I mean how many people went out and bough a Nokia phone, back when we were like in high school, just so they could get the changeable face plates.",Prototype/Evaluate,"[facilitator]: For something that looks cool and also has what I want it to b do technologically. | [facilitator]: And that's your right brain taking over, w wanting the artistic, the fashionable, the hip, you know. | [facilitator]: If we all just went out and bought useful things, I don't think I mean that's not what technology. | [facilitator]: Mm. Yeah. Yeah. Just the Mac font bothers me even. | [facilitator]: But I do like iPods, go figure.",False,42,Let's take a step back and explore what's driving that desire for something that looks cool and technologically functional. What are some specific features or aspects of a product that you've seen or experienced in the past that have left a lasting impression on you?,True,Let's step back and explore what's driving this desire for something that's both aesthetically pleasing and technologically functional. What is it about the current design solutions that's not meeting your needs?,True,"What if we took a step back from what's 'cool' and 'fashionable,' and instead focused on the functional, 'un-sexy' aspects of this product – what problems is it trying to solve, or what pain points does it aim to alleviate?",True
2350,"Uh, I mean th th the the two two basic buttons, you know, the to skip channels and to uh I think yeah, I don't know why, but I think that is that's t trendy too, because that's the mo it it you know, it's uh acc acc um accentu uh, how do you say it?",Ideate,"[facilitator]: Yeah, it's okay. Okay. That's not It was not a good idea. | [facilitator]: Okay. No. No. But you do mention the next and previous uh button. | [facilitator]: Oh, okay, o okay okay. | [facilitator]: Huh. Mm-hmm. Well, w when we only use basic functions, we have the possibility to make the buttons larger. | [facilitator]: Well, I think we already agreed upon the fact that the the the skip buttons and the cha and the volume buttons, th th those two have yeah, they have to be large.",False,42,"Let's pause on the idea of making the buttons larger. What if we were to prioritize making the most critical functions easily accessible, rather than just making the buttons bigger?",True,"Let's take a step back and look at our goals - what kind of user experience do we want to create with these buttons, and how might their size and placement support that experience?",True,"Let's assume the design is for a small screen device and I'm clarifying the priority of the buttons, here's my next facilitation move:",True
2366,"And we will make it spongy and and uh and uh well, the fruity thing is just the shape should be fru i did I think this is kind of fruity, you know.",Prototype/Evaluate,"[facilitator]: Th in that way we have like only the numbers, the power button, skip and volume, and then uh uh ten uh rem uh yeah, mute. | [facilitator]: A teletext and a menu, and then then i that's it. | [facilitator]: It's all we need. Okay, uh another stuf some stuff about the the the design of the docking station. | [facilitator]: Something important about a s uh, no, uh which sh uh should remind us of the remote itself, I guess. | [facilitator]: Uh, in one colour. Just use I think the spongy thing already um comes forward in the in the in the cushions, pads and things on the s uh side.",False,42,"Let's take a step back and look at the remote control as if it's a standalone object, not just a part of a larger system. What if we were to design a remote control that could be held in one's hand, without any other components attached to it - what would be the essential features and design elements that we would want to include?",True,"Let's take a step back and imagine someone using this product for the first time – what are the first things they'd need to understand about it, and how could we use the design of the docking station and the remote to communicate that information?",True,"Let's zoom out a bit from the remote and docking station design – how do we envision the entire system, including this device, coming together with the user's other devices and daily routines?",True
2368,"Uh, I mean th th the the two two basic buttons, you know, the to skip channels and to uh I think yeah, I don't know why, but I think that is that's t trendy too, because that's the mo it it you know, it's uh acc acc um accentu uh, how do you say it?",Ideate,"[facilitator]: Yeah, it's okay. Okay. That's not It was not a good idea. | [facilitator]: Okay. No. No. But you do mention the next and previous uh button. | [facilitator]: Oh, okay, o okay okay. | [facilitator]: Huh. Mm-hmm. Well, w when we only use basic functions, we have the possibility to make the buttons larger. | [facilitator]: Well, I think we already agreed upon the fact that the the the skip buttons and the cha and the volume buttons, th th those two have yeah, they have to be large.",False,42,"Let's take a step back and imagine we're designing this product for someone who's never used it before - what are the first things they would need to know or be able to do, and how might that influence the placement and size of those buttons?",True,"What if we were to take the idea of making the buttons larger, but not just for the skip and volume buttons, and instead consider how a more intuitive navigation system could be designed, where the most frequently used functions are prominently displayed, regardless of their placement in the interface?",True,"What if we're not just thinking about the size of the buttons, but also about how their positioning and layout could actually help or hinder the user's experience?",True
2382,Maybe we should talk about it on a l in a later meeting.,Prototype/Evaluate,"[facilitator]: Is that the idea? Is that a good idea? | [facilitator]: How many colours are we how many colours are we gonna we're uh uh f uh f Only five minutes left, by the way. | [facilitator]: How many colours are we gonna give it? | [facilitator]: Like two-tone colour? T I think maybe the case itself should be in one colour and then the rubber of the buttons, and the cushions as well should be in another colour. | [facilitator]: Okay, but not more than Well, yeah, it's No.",False,42,Let's take a step back and imagine this product is being used by someone in a completely different cultural context - what would be the most striking or unexpected design choice that would still make sense for its purpose?,True,"Let's pause the color discussion for a moment and ask, what are we trying to achieve with this color palette?",True,"Let's park the colour palette discussion for now, and instead, imagine you're the user holding this product in your hand – what are the first impressions that come to mind as you pick it up?",True
2420,"Components design, um uh first of all uh I would like to uh uh accommodate some of those uh things I uh uh elaborate some of the things I did.",Ideate,"[designer]: Um here are the individual actions, and especially notice that uh the Industrial Designer and the User Interface Designer are going to work together on a prototype drawing on a smart board, and of course to all four of us uh specific instructions will be emailed by our personal coach. | [designer]: Well I I'd say just wait uh for email and uh find out. | [designer]: I don't know. Okay well that was what I had to say, uh, final thoughts from anyone, or? | [designer]: We're finished. Okay, well thank you very much. | [facilitator]: W sure. Okay uh welcome you all.",False,42,"Before we move forward, can we take a step back and clarify what we've actually decided so far, and what's still unclear or up for discussion?",True,"It seems like we've just outlined the next steps in the project, but I'd like to shift the conversation to what we're trying to achieve with this prototype and smart board collaboration - what problem are we solving or opportunity are we seizing by working together in this way?",True,What's stuck right now that we're hoping our coach's instructions will help us move forward on?,True
2446,"So um we can perhaps go through all of them and we can little bit discuss, so I I I have n I didn't see all of them actually, so it's just we should probably select one of these, because I think uh these are really good movies and uh, okay, we will see.",Prototype/Evaluate,"[facilitator]: Mm-hmm. Yeah. Mm-hmm mm-hmm. And what is the second movie? | [facilitator]: Yeah, Sixth Sen Mm-hmm. Mm-hmm. | [facilitator]: Mm-hmm. Okay, now you can go to to my slides, but actually what I pre what I have prepared is just a kind of a review of fo uh se six or seven movies, if you ca can go to the second slide. | [facilitator]: Yes, basically seven movies, and it's uh it's uh uh top movies uh based on the uh on the ra ranking and a and awards awards. | [facilitator]: Um you see the the names of the movies on the on the on the wall.",False,42,Let's take a step back from the list of movies and imagine we're designing a product for someone who's never seen any of these films. What are the key things we want this person to understand or experience about cinema through our product?,True,"Can you walk me through how you decided which seven movies to include in this review, and what you hope people will take away from seeing these specific films?",True,Let's pause the movie overview for a moment and talk about what kind of conversation we're trying to have here - are we discussing how to choose a movie or something else entirely?,True
2467,"Otherwise it's just saying I'm the secretary and I'm therefore I'm taking the minutes, s so just to go um just real briefly to go over minutes from last meeting, uh, I will open them slowly, no?",Ideate,"[facilitator]: All set? Cool. Alright, it is PowerPoint time. | [facilitator]: I've done more PowerPoints in this particular experiment than I've ever done in my life before this experiment which is kind of fun. | [facilitator]: So uh here we have our detailed design meeting where we will um look at the prototype and um right so um, I finally figured out what this whole second bullet point is about in my that my coach was sending to me. | [facilitator]: It means I'm supposed to read the minutes from the previous meeting. | [facilitator]: I think. I don't know.",False,42,"Let's pause for a moment. Before we dive into the meeting minutes, can you help me understand what's at stake here? What are we trying to accomplish in this detailed design meeting that we can't afford to get sidetracked?",True,"Let's pause the conversation for a moment. Before we dive into the minutes from the previous meeting, can you take a step back and ask yourselves: What's the goal of reviewing the minutes in the context of our design project today?",True,"Let's pause on that second bullet point for a moment. What if it's not just about reading the minutes from the previous meeting, but actually about reflecting on the progress we've made so far and how it relates to our original goals?",True
2486,"There are uh a dozen of uh dozens of of remote controls that have Yes, but you could put on the z on the zap buttons you can put it to uh to uh access all the same pages.",Prototype/Evaluate,"[facilitator]: Remote control is nothing special nowadays. | [facilitator]: Um I don't think so, because of the all the televisions uh there are a few maybe a couple of televisions with the new functions, but is it useful to put them on a on a standard uh remote? | [facilitator]: No. But you can put them under the same button. | [facilitator]: But you can put a play and stop and and rewind. | [facilitator]: Yes, but we Huh. Yes, but there are there are But how wi how will you be able to handle a whole market?",False,42,"Let's take a step back and explore what we mean by ""standard remote."" What are the essential functions that we typically expect to find on a standard remote, and how might we redefine or reimagine those expectations for a modern audience?",True,Let's pause the conversation about features and functions for a moment. What if we were to design a remote control that doesn't have any buttons at all – how would you envision users interacting with it?,True,"Let's focus on the users, not the features. What kind of scenarios or moments might a user want to control multiple TVs or devices at the same time?",True
2518,"What what would be on that touch screen? 'Cause you said earlier that we have to think about company colours and um logo or something or motto, I can't remember exactly what you said. 'S too much.",Prototype/Evaluate,"[facilitator]: We haven't done any tests on face plates and whether See if there if there's even interest out there. | [facilitator]: Off the top of my head it sounds kind of like a gimmick that wouldn't really go anywhere. | [facilitator]: Yeah. Can we afford to include one of those? | [facilitator]: Right. Okay. Since we're doing uh touch screen, do we wanna look into the possibility of people being able to input different types of skins for the you know the actual interface part of it and things like that? | [facilitator]: Or is it just gonna be one touch screen for everybody.",False,42,"Let's pause on the idea of customizable skins for the interface. What if instead of thinking about skins, we explored how our users might want to express themselves or personalize their experience with our product, and what that might look like beyond just visual customization?",True,"Let's assume we're not limited by budget or technical feasibility - what would be the most exciting, unique, or desirable skin options for our touch screen interface that would truly set us apart?",True,"Let's pause on the idea of custom skins for the interface. What if instead of just offering aesthetic variations, we explored how a customizable interface could also enhance the user's experience or interaction with the product?",True
2530,Right uh. So um. So where's the PowerPoint presentation?,Ideate,"[designer]: Um maybe for the younger market. | [designer]: Um I think they've got their own controls in this kind of like hidden panel. | [designer]: Oh no, I mean um like there's kind of individual buttons for them, like on the T_V_ remote. | [designer]: But I don't really know what they're for, I've never used them. | [designer]: I just know they're something to do with Dolby.",False,42,"Let's take a step back and try to imagine we're a young person who's never used this device before - what would be the most confusing or overwhelming thing about these controls, and how might we simplify that experience?",True,Can we take a step back and imagine we're a young person who's never used this device before - what would be their most pressing question or need when trying to figure out how to use the Dolby controls?,True,Let's take a step back and assume the best possible intentions behind these unknown controls - what if they were designed to empower users to customize their experience in a way that we might not be thinking about?,True
2545,"Um for instance, the stand-by button isn't always red, uh it really should be.",Prototype/Evaluate,"[facilitator]: Um there's a wee bit of discussion about the other existing ones there, um so I've taken the um suggestions from them and tried to incorporate them into this um So then this we're looking for um suggestions on size th um size of control and the buttons, um the shape of the control, and whereabout the buttons should be located on the control. | [facilitator]: Um what I found from the research is that most the current controls are just basically big bricks with loads of buttons all over them. | [facilitator]: Um they're not very attractive to look at, and they're not very comfortable to hold, they're I just hold 'em like big bricks, and they're very easily lost. | [facilitator]: Um they tend to be very dark colours, so if there are shadowy places down the side of couches you can't really see them. | [facilitator]: Um the the controls themselves tend to use a very inconsistent colour scheme.",False,42,"Let's pause for a moment and imagine we're not designing a control, but a completely new way to interact with the system - what would that look like, and how would it change the way people experience and use it?",True,"Let's step back from the specifics of size, shape, and color for a moment and explore the underlying needs and pain points that are driving our desire to improve these controls. What are the most frustrating or inconvenient experiences users have with the current controls?",True,"Let's set aside the existing designs and think about a blank slate - if we could create a perfect control from scratch, what are the top 3 things we want it to do exceptionally well?",True
2561,Channel digit uh buttons should be uh protected by plastic cover or something for the remote control to look very simple.,Ideate,"[facilitator]: Uh I will take notes during this meeting so uh that you can uh look at my uh folder to see the summary of this meeting afterwards. | [facilitator]: So each of you will uh show us the various investigation they've done during uh previous uh hours. | [facilitator]: We'll then t take decision in concert and then uh uh we will uh define the nest next task, to have to be done before the next meeting. | [facilitator]: So, last time we decided to have a simple interface. | [facilitator]: We also decided to have a wheel to change channel previous channel button.",False,42,"Let's pause on the idea of a simple interface and a wheel to change channels. What if we were to assume that our users are not necessarily looking for simplicity, but rather for an experience that feels intuitive and effortless to them?",True,"Let's pause on the ""simple interface"" and ""wheel to change channel"" decisions – what assumptions are we making about our users that led us to these conclusions?",True,Can we shift our attention from the features we've already decided on – a simple interface and a wheel for channel navigation – to the specific user needs and pain points these features aim to address?,True
2562,Yeah. Yeah. Okay. Okay. But is it a significant price on the whole remote control?,Ideate,"[facilitator]: So the conceptual specification by Industrial Designer, the specification of the U_I_ by or U_I_ okay. | [facilitator]: And uh the last point is uh trend watching by Market Expert. | [facilitator]: So maybe we can start with uh industrial design. | [facilitator]: So this is the presentation. | [facilitator]: Maybe I can switch slide uh on your request.",False,42,Let's pause on the industrial design concept for a moment. What are the assumptions behind this design that we're not explicitly discussing in this room?,True,"Before we dive into the presentation, can you each take a moment to recall what initially sparked our interest in this project - what problem or opportunity are we trying to address?",True,"Before we dive into the presentation, what are we hoping to understand or decide about the U_I_ concept from the Industrial Designer's perspective?",True
2563,"So will will will this with uh including all possible things, so buttons, wheel and the chip, be uh lower than twelve Euros to produce?",Ideate,[facilitator]: So maybe we can start with uh industrial design. | [facilitator]: So this is the presentation. | [facilitator]: Maybe I can switch slide uh on your request. | [facilitator]: Yeah. Yeah. Okay. Okay. But is it a significant price on the whole remote control? | [facilitator]: Because we can afford up to twelve Euros for the price of the remote control.,False,42,"Let's pause on the price aspect for a moment - what if we were to design a remote control that costs zero euros, how would that impact our design decisions?",True,"Let's park the price discussion for now and focus on the user's experience - what would make this remote control feel like a worthwhile investment to the end user, regardless of its cost?",True,"Let's pause on the remote control price for a moment, what if it wasn't a constraint, but rather an opportunity to design a premium product that justifies a higher price point?",True
2564,Okay. You can easily find the button in the dark or so?,Ideate,"[facilitator]: So will will will this with uh including all possible things, so buttons, wheel and the chip, be uh lower than twelve Euros to produce? | [facilitator]: Okay You received something Hmm. | [facilitator]: And could it be adapted? | [facilitator]: Okay and there can uh recognize some commands and stuff? | [facilitator]: Okay. Yeah. Okay maybe we can just uh listen to this presentation and then take decision later on according to those news.",False,42,"Let's pause on the idea of making this product affordable for under twelve Euros to produce - what are the assumptions behind that cost target, and how might they be influencing our design decisions?",True,"Let's pause the conversation about production costs and adaptability for a moment, and instead, can you each describe the product you think we're trying to create, in a nutshell, without worrying about the specifics of the components or features?",True,"What specific assumptions are we making about our target customers that would allow us to price our product under twelve Euros, and is that assumption actually true?",True
2565,"It will be turned on when the when the user move the remote control I think, no?",Ideate,[facilitator]: Okay You received something Hmm. | [facilitator]: And could it be adapted? | [facilitator]: Okay and there can uh recognize some commands and stuff? | [facilitator]: Okay. Yeah. Okay maybe we can just uh listen to this presentation and then take decision later on according to those news. | [facilitator]: Okay. You can easily find the button in the dark or so?,False,42,"What if we were to flip the question around - instead of asking what the device can do, what problem would it need to solve in order for people to want to use it in the dark?",True,"Let's step back for a moment, what if the device or product we're designing doesn't need to be used in a dark environment?",True,"What if the button wasn't necessarily something to be found in the dark, but rather a response to a specific situation or need that arises in the dark?",True
2566,"But it can be uh battery consuming, no?",Ideate,"[facilitator]: Okay and there can uh recognize some commands and stuff? | [facilitator]: Okay. Yeah. Okay maybe we can just uh listen to this presentation and then take decision later on according to those news. | [facilitator]: Okay. You can easily find the button in the dark or so? | [facilitator]: It will be turned on when the when the user move the remote control I think, no? | [facilitator]: Hmm. Yeah. Yeah. Yeah. True.",False,42,"Let's pause for a moment, can you summarize in one sentence what we've heard so far about the product's functionality, without referencing any specific features or buttons?",True,Let's pause on that idea of turning the device on with the remote control - what if we didn't need a remote control to turn it on?,True,"What if the most important interaction isn't between the user and the device, but between the user and their environment, and the device is just a catalyst for that interaction?",True
2574,"So each person should get um, well, it's a sort of desk, it's made of two pieces and it looks like a corner.",Ideate,"[facilitator]: Um actually I think Agnes did this nice drawing so she even put the the view, so we have the old town on one side, and the mountains on the other two sides. | [facilitator]: Uh we have some bathrooms for us. | [facilitator]: Uh and a courtyard which actually means a sort of uh shaft, because uh the court is uh down at uh the first floor. | [facilitator]: Well, it's a bit difficult to say, because um in fact we have some constraints in terms of furniture. | [facilitator]: Uh they are here. So um well, your your person Your your question actually is answered maybe by the third item.",False,42,"Let's take a step back and look at the drawing as a whole. What if we were to ignore the constraints and the existing furniture for a moment, and instead, asked ourselves: What would be the most magical or dreamlike experience we could create for our users in this space?",True,"Let's set those physical elements aside for a moment, and imagine we're designing this space for someone who's visiting the old town for the first time – what are the first things they would want to experience or discover when they step into this courtyard?",True,"Let's pause the discussion about the constraints and the physical space for a moment, and instead, explore what we know so far: we have a unique view, a specific layout, and a specific problem to solve. What is the primary goal or challenge we're trying to address with this space design?",True
2575,"What's What should be said here, I don't know if, well, you I I will maybe distribute now documents if you don't have them.",Ideate,"[facilitator]: So each person should get um, well, it's a sort of desk, it's made of two pieces and it looks like a corner. | [facilitator]: With, of course, a chair. | [facilitator]: Uh a filing cabinet that goes under the desk uh and, well, we can put hanging shelves over the the desks. | [facilitator]: So I'm not really sure it's possible to get three um three desks in a two person office. | [facilitator]: But um we could try.",False,42,Let's take a step back and imagine we're not limited by the physical space of the office - what would be the ideal setup for a two-person team that needs to work together effectively?,True,"Let's assume the space constraints are a given, and instead, let's focus on what's essential for the team to have an effective and comfortable workspace - what are the must-haves that would make or break their productivity and collaboration?",True,"What if, instead of trying to fit three desks in a two-person office, we were to challenge the assumption that each person needs a dedicated workspace?",True
2576,"Maybe it's easier. Do you need something, Martin?",Ideate,"[facilitator]: With, of course, a chair. | [facilitator]: Uh a filing cabinet that goes under the desk uh and, well, we can put hanging shelves over the the desks. | [facilitator]: So I'm not really sure it's possible to get three um three desks in a two person office. | [facilitator]: But um we could try. | [facilitator]: What's What should be said here, I don't know if, well, you I I will maybe distribute now documents if you don't have them.",False,42,"Let's pause for a moment and imagine we're not constrained by the physical space of the office. If we could design the perfect workspace for two people, what would it look like?",True,"Let's take a step back and ask, what are the non-negotiables in this office setup that we're trying to accommodate, and how might those inform our design decisions?",True,Let's take a step back - what are the top three things that this two-person office needs to function well for its users?,True
2577,"Normally we should even get an extra uh an extra place for, you know, temporary people coming to work on uh on projects.",Ideate,"[facilitator]: Uh so it's it's Yeah, you have a copy, Susan. | [facilitator]: You too David, I think. | [facilitator]: So in fact there are more places than people, so we won't be that constrained. | [facilitator]: Uh as you know some of us and some of you here actually, Martin and David are part-time. | [facilitator]: So it it's for the moment quite comfortable.",False,42,"Let's pause for a moment and explore what ""comfortable"" means in this context - are we talking about the physical space, the team's workload, or something else entirely?",True,Let's step back from the current dynamics of the team and imagine we're starting this project from scratch – what are the underlying needs and goals that brought us together as a team in the first place?,True,"Let's park the assumption that ""comfortable"" means the current working conditions are sufficient, and instead, explore what could be possible if we had more ideal working arrangements.",True
2578,"Exactly, it so one of the issues uh here, it's probably not on the slides, is that we would like to have uh, unlike what had until now, a lounge or reading room uh in one of the the offices.",Ideate,"[facilitator]: So in fact there are more places than people, so we won't be that constrained. | [facilitator]: Uh as you know some of us and some of you here actually, Martin and David are part-time. | [facilitator]: So it it's for the moment quite comfortable. | [facilitator]: Normally we should even get an extra uh an extra place for, you know, temporary people coming to work on uh on projects. | [facilitator]: Uh yeah, I uh yeah, I counted so we have um fifteen pers physical persons and about uh sixteen, I think, uh persons oh, actually, eighteen persons in the offices.",False,42,"Let's explore the idea of ""temporary people"" coming to work on projects - what kind of experiences do we want to create for them, and how might our space support or hinder those experiences?",True,"Let's focus on the discrepancy between the physical space and the number of people, rather than the specific count of 15 or 18 - what are the implications of this mismatch for our work together?",True,"Let's challenge that assumption that we're not constrained with space, what if we are and it's affecting our work, what would that mean for our priorities and decisions?",True
2579,"So if we could do it, then I think it would be much nicer.",Ideate,"[facilitator]: Normally we should even get an extra uh an extra place for, you know, temporary people coming to work on uh on projects. | [facilitator]: Uh yeah, I uh yeah, I counted so we have um fifteen pers physical persons and about uh sixteen, I think, uh persons oh, actually, eighteen persons in the offices. | [facilitator]: Exactly, it so one of the issues uh here, it's probably not on the slides, is that we would like to have uh, unlike what had until now, a lounge or reading room uh in one of the the offices. | [facilitator]: So in one of the rooms. | [facilitator]: Um, I think quite a lot of people e expressed the need for that.",False,42,"Let's clarify what we mean by a ""lounge or reading room"" - is it a space for relaxation, or a space for focused work, or a combination of both?",True,"Let's focus on the idea of a lounge or reading room. What if we didn't call it a ""lounge"" or a ""reading room"" – what would be the most important function or feeling you'd want that space to provide for the temporary workers?",True,Let's assume we're able to create this ideal lounge or reading room – what would be the non-negotiable elements that need to be present in that space to make it truly valuable for everyone?,True
2580,"I think maybe we should take this into account and maybe think of some of the bigger rooms with four people, one being temporary or or part-time.",Ideate,"[facilitator]: So the idea is that today we'll just try to f start seeing the main constraints and then you have time to to go and think about it uh ask the people you know, your assistants, for instance, and at the next meeting we'll try to to come with one solution. | [facilitator]: Uh, the other group will also propose a solution and then there will be another negotiation. | [facilitator]: So w Uh if i if we don't get these? | [facilitator]: Um, well basically they are promised to us so uh Do do you think there are chances that they take from us one of the rooms or uh Yeah, I I I think it's uh Uh, yeah. | [facilitator]: Yeah i yeah, that's one of the the problems.",False,42,"Let's pause on the idea of ""taking one of the rooms"" from us - what does that mean to us, and what are we really worried about losing if that happens?",True,"Let's focus on the ""promised"" rooms - what does that mean exactly? How are those rooms promised to us, and who promised them?",True,"Let's pause on the idea of potentially losing a room, what would be the most difficult part of adapting to that change for the users of our product?",True
2581,"Um okay, so maybe we could try to to see now what would be the main options.",Ideate,"[facilitator]: Uh, the other group will also propose a solution and then there will be another negotiation. | [facilitator]: So w Uh if i if we don't get these? | [facilitator]: Um, well basically they are promised to us so uh Do do you think there are chances that they take from us one of the rooms or uh Yeah, I I I think it's uh Uh, yeah. | [facilitator]: Yeah i yeah, that's one of the the problems. | [facilitator]: I think maybe we should take this into account and maybe think of some of the bigger rooms with four people, one being temporary or or part-time.",False,42,"Let's pause for a moment and imagine we've already lost one of the rooms - what would be the most critical aspect of our solution that we'd need to preserve, even if we had to work with a smaller space?",True,Let's explore what would happen if we had to work with the smaller rooms as our only option - how would that change our design decisions and our collaboration with the team?,True,"Let's back up a step - what if instead of focusing on the potential loss of space, we explored the assumption that having a dedicated room is essential to the project's success? What other possibilities or strategies might arise if we questioned that assumption?",True
2647,Because we've got decisions that we would have made that we weren't didn't feel able to make.,Prototype/Evaluate,"[facilitator]: No. Twelve point five. Well done, people. | [facilitator]: So is that uh got us covered for the electronics then? | [facilitator]: We don't need something else to take that place? | [facilitator]: Okay. Okay. Right, so we've done that. | [facilitator]: Okay. Product evaluation. We've done room for creativity, haven't we?",False,42,"Let's take a step back and look at the bigger picture: what's the ultimate goal we're trying to achieve with this product design, and how does this electronics solution fit into that larger vision?",True,"Let's pause on that ""room for creativity"" comment - what do you mean by that, and how does it relate to the design we're working on, rather than just the electronics aspect?",True,"Let's step back for a moment and imagine we're not designing this product, but using it – what would be the most surprising, yet delightful experience a user could have with it?",True
2657,"Um what we could use is, or what I was offered, or what we could use, is a basic bateer battery.",Prototype/Evaluate,"[facilitator]: It certainly is an expensive material, I'm aware of that, but I was given an okay. | [facilitator]: But there are certain restrictions to certain materials. | [facilitator]: Now let's first go through the list with the materials. | [facilitator]: So we what we can use is plastic, rubber, wood and titanium. | [facilitator]: Can also mix these. Um as for the energy source, um we were talking about that shortly in the other meeting.",False,42,Let's pause on the materials list for a moment and explore what assumptions we're making about the product's purpose and user needs by limiting ourselves to these specific materials.,True,"Let's pause on the materials list for a moment and ask, what if we were to assume that cost and restrictions aren't a concern, and we could use any material we want - what would be the most exciting or innovative material to work with?",True,"Let's clarify one thing before we dive into materials, what are the key drivers behind choosing an expensive material like titanium in the first place, is it purely for performance, or are there other reasons at play?",True
2658,You don't wanna wind up your remote control before you can use it right?,Prototype/Evaluate,[facilitator]: Um we could use solar cells. | [facilitator]: Or a device that was not n not further specified that provides kinetic energy. | [facilitator]: Such as like watches you know. | [facilitator]: Where you just move them m move the the actual device and this pr uh provides it with with uh some energy. | [facilitator]: So um obviously I personally have to say that dynamo is out of the question really.,False,42,"Let's set aside the specific ideas of solar cells and dynamo for now, and instead, imagine a world where our product is powered by the user's movement – what kind of experiences or interactions might that enable or change?",True,"Let's put dynamo aside for now, but what if we were to imagine a scenario where the power source is not just a replacement for a battery, but actually a part of the product's function or purpose?",True,"Let's set dynamo aside for now and focus on the idea of using a device that converts motion into energy - what if instead of thinking about what's inside that device, we focus on the types of motions or activities that could be used to generate energy, and how those activities might be connected to the product's purpose or user's lifestyle?",True
2684,"Mm-hmm. Yeah. Mm-hmm. Mm. The other thing is, just ch chucking into mobile phone f design features again, it could have a flip top remote control so that when you flip over the top, your screen is you can have a bigger screen in the the flip over.",Prototype/Evaluate,"[facilitator]: With menus, yeah, yeah. Yeah. | [facilitator]: Mm-hmm. Mm-hmm. Can he programme his remote control or is it basic with that too? | [facilitator]: Right. Right. So that's a problem regardless of of any design modifications you you come up with, that's gonna be a problem anyway with the older generation perhaps, and that's another issue how we tackle that. | [facilitator]: Mm-hmm. Right. Mm-hmm. Is it possible that that for the older generation you could have like an extra button that you press for large print like you do in large print books? | [facilitator]: Obviously it displays less on the screen, it displays less on the screen but as long as they can read it that's the main thing.",False,42,"Let's explore the idea of simplifying the content on the screen rather than just increasing the font size - what if we focused on reducing the amount of information displayed, rather than just making it larger?",True,"What if, instead of focusing on the remote control, we explored how the menu information itself could be communicated in a way that's more accessible to older generations, rather than relying on a separate display or button?",True,"Let's suspend the idea of an ""extra button"" for a moment - how might the physical characteristics of the user, rather than just their age, be influencing their experience with the menu display?",True
